responsable,sitio,antecesor,fecha_de_siembra,fecha_de_cosecha,hibrido,densidad,ensayo,repeticion,plantas_ha,rendimiento,humedad_a_cosecha_percent,plantas_volcadas_ha,total_mats_extranas,mat_grasa_mtra_limpia_sss,acidez_mat_grasa,pt_inc,pt_sev,pc_inc,pc_sev,phoma,alternaria,septoria,roya_negra,pp_agosto,pp_septiembre,pp_octubre,pp_noviembre,pp_diciembre,pp_enero,pp_febrero,pp_marzo,pp_abril,rinde_11,rinde_bonificado
Tomás Ibarrolaza,CHASCOMUS,MAIZ_TARDIO,2022-12-03T00:00:00Z,2023-04-01T00:00:00Z,SYN_3975_CLHO,Mas 30%,densidad,1,68640,2589,12.4,168,9.5,49.1,3.6,,,0,sana,,,,,0,0,14,22,30,52,27,94,41,2548.27415730337,2910.12908764045
Tomás Ibarrolaza,CHASCOMUS,MAIZ_TARDIO,2022-12-03T00:00:00Z,2023-04-01T00:00:00Z,SYN_3975_CLHO,Mas 30%,densidad,2,68640,2477,12.4,168,9.5,49.1,3.6,,,0,sana,,,,,0,0,14,22,30,52,27,94,41,2438.03595505618,2784.23706067416
Tomás Ibarrolaza,CHASCOMUS,MAIZ_TARDIO,2022-12-03T00:00:00Z,2023-04-01T00:00:00Z,SYN_3975_CLHO,Menos 30%,densidad,1,38640,2053,12.4,97,9.5,49.1,3.6,,,0,sana,,,,,0,0,14,22,30,52,27,94,41,2020.70561797753,2307.64581573034
Tomás Ibarrolaza,CHASCOMUS,MAIZ_TARDIO,2022-12-03T00:00:00Z,2023-04-01T00:00:00Z,SYN_3975_CLHO,Menos 30%,densidad,2,38640,2110,12.4,97,9.5,49.1,3.6,,,0,sana,,,,,0,0,14,22,30,52,27,94,41,2076.80898876405,2371.71586516854
Tomás Ibarrolaza,CHASCOMUS,MAIZ_TARDIO,2022-12-03T00:00:00Z,2023-04-01T00:00:00Z,ACA_216_CLDM,Estandar,genetica,1,55020,2571,13.7,165,7.5,53,0.8,,,0,sana,,,,,0,0,14,22,30,52,27,94,41,2493.00337078652,3041.46411235955
Tomás Ibarrolaza,CHASCOMUS,MAIZ_TARDIO,2022-12-03T00:00:00Z,2023-04-01T00:00:00Z,ACA_216_CLDM,Estandar,genetica,2,55020,2714,13.7,165,7.5,53,0.8,,,0,sana,,,,,0,0,14,22,30,52,27,94,41,2631.66516853933,3210.63150561798
Tomás Ibarrolaza,CHASCOMUS,MAIZ_TARDIO,2022-12-03T00:00:00Z,2023-04-01T00:00:00Z,CACIQUE_320_CL_G_2L,Estandar,genetica,1,53133,1571,15.3,265,9.2,45.4,0.8,,,0,sana,,,,,0,0,14,22,30,52,27,94,41,1495.09775280899,1596.7644
Tomás Ibarrolaza,CHASCOMUS,MAIZ_TARDIO,2022-12-03T00:00:00Z,2023-04-01T00:00:00Z,CACIQUE_320_CL_G_2L,Estandar,genetica,2,53133,2285,15.3,265,9.2,45.4,0.8,,,0,sana,,,,,0,0,14,22,30,52,27,94,41,2174.60112359551,2322.474
Tomás Ibarrolaza,CHASCOMUS,MAIZ_TARDIO,2022-12-03T00:00:00Z,2023-04-01T00:00:00Z,CACIQUE_322_CL_G_2,Estandar,genetica,1,54191,2285,14.3,108,13,47.5,0.8,,,0,sana,,,,,0,0,14,22,30,52,27,94,41,2200.27528089888,2442.30556179775
Tomás Ibarrolaza,CHASCOMUS,MAIZ_TARDIO,2022-12-03T00:00:00Z,2023-04-01T00:00:00Z,CACIQUE_322_CL_G_2,Estandar,genetica,2,54191,2385,14.3,108,13,47.5,0.8,,,0,sana,,,,,0,0,14,22,30,52,27,94,41,2296.56741573034,2549.18983146067
Tomás Ibarrolaza,CHASCOMUS,MAIZ_TARDIO,2022-12-03T00:00:00Z,2023-04-01T00:00:00Z,INSUN_211_CL,Estandar,genetica,1,53757,2142,18.3,242,12.7,50.5,3.8,,,0,sana,,,,,0,0,14,22,30,52,27,94,41,1966.30786516854,2300.58020224719
Tomás Ibarrolaza,CHASCOMUS,MAIZ_TARDIO,2022-12-03T00:00:00Z,2023-04-01T00:00:00Z,INSUN_211_CL,Estandar,genetica,2,53757,2286,18.3,242,12.7,50.5,3.8,,,0,sana,,,,,0,0,14,22,30,52,27,94,41,2098.49662921348,2455.24105617978
Tomás Ibarrolaza,CHASCOMUS,MAIZ_TARDIO,2022-12-03T00:00:00Z,2023-04-01T00:00:00Z,NK_3969_CL,Estandar,genetica,1,49700,2142,18.7,99.4,7.6,48,6.4,,,0,sana,,,,,0,0,14,22,30,52,27,94,41,1956.6808988764,2191.48260674157
Tomás Ibarrolaza,CHASCOMUS,MAIZ_TARDIO,2022-12-03T00:00:00Z,2023-04-01T00:00:00Z,NK_3969_CL,Estandar,genetica,2,49700,3000,18.7,99.4,7.6,48,6.4,,,0,sana,,,,,0,0,14,22,30,52,27,94,41,2740.44943820225,3069.30337078652
Tomás Ibarrolaza,CHASCOMUS,MAIZ_TARDIO,2022-12-03T00:00:00Z,2023-04-01T00:00:00Z,NS1113_CL,Estandar,genetica,1,52300,3214,15.3,0,6.9,49.8,0.8,,,0,sana,,,,,0,0,14,22,30,52,27,94,41,3058.71685393258,3535.87668314607
Tomás Ibarrolaza,CHASCOMUS,MAIZ_TARDIO,2022-12-03T00:00:00Z,2023-04-01T00:00:00Z,NS1113_CL,Estandar,genetica,2,52300,2819,15.3,0,6.9,49.8,0.8,,,0,sana,,,,,0,0,14,22,30,52,27,94,41,2682.80112359551,3101.31809887641
Tomás Ibarrolaza,CHASCOMUS,MAIZ_TARDIO,2022-12-03T00:00:00Z,2023-04-01T00:00:00Z,NUSOL_4145_CL,Estandar,genetica,1,53892,2428,14.3,108,12.6,52.5,0.7,,,0,sana,,,,,0,0,14,22,30,52,27,94,41,2337.97303370787,2828.94737078652
Tomás Ibarrolaza,CHASCOMUS,MAIZ_TARDIO,2022-12-03T00:00:00Z,2023-04-01T00:00:00Z,NUSOL_4145_CL,Estandar,genetica,2,53892,2714,14.3,108,12.6,52.5,0.7,,,0,sana,,,,,0,0,14,22,30,52,27,94,41,2613.36853932584,3162.17593258427
Tomás Ibarrolaza,CHASCOMUS,MAIZ_TARDIO,2022-12-03T00:00:00Z,2023-04-01T00:00:00Z,NUSOL_4180_CL_PLUS,Estandar,genetica,1,56100,2500,16.7,0,13.6,54.2,1,,,0,sana,,,,,0,0,14,22,30,52,27,94,41,2339.88764044944,2910.8202247191
Tomás Ibarrolaza,CHASCOMUS,MAIZ_TARDIO,2022-12-03T00:00:00Z,2023-04-01T00:00:00Z,NUSOL_4180_CL_PLUS,Estandar,genetica,2,56100,2619,16.7,0,13.6,54.2,1,,,0,sana,,,,,0,0,14,22,30,52,27,94,41,2451.26629213483,3049.37526741573
Tomás Ibarrolaza,CHASCOMUS,MAIZ_TARDIO,2022-12-03T00:00:00Z,2023-04-01T00:00:00Z,PARAISO_1800_CL_PLUS,Estandar,genetica,1,54230,2377,14.9,0,12.8,52.1,0.6,,,0,sana,,,,,0,0,14,22,30,52,27,94,41,2272.8393258427,2731.95286966292
Tomás Ibarrolaza,CHASCOMUS,MAIZ_TARDIO,2022-12-03T00:00:00Z,2023-04-01T00:00:00Z,RAGT_4260_MAX-CL_G-2E,Estandar,genetica,2,54890,2151,14.9,,12.8,52.1,0.6,,,0,sana,,,,,0,0,14,22,30,52,27,94,41,2056.74269662921,2472.20472134831
Tomás Ibarrolaza,CHASCOMUS,MAIZ_TARDIO,2022-12-03T00:00:00Z,2023-04-01T00:00:00Z,RAGT_4260_MAX-CL_G-2E,Estandar,genetica,1,53820,2571,13.8,0,7.4,52.4,0.6,,,0,sana,,,,,0,0,14,22,30,52,27,94,41,2490.11460674157,3008.05844494382
Tomás Ibarrolaza,CHASCOMUS,MAIZ_TARDIO,2022-12-03T00:00:00Z,2023-04-01T00:00:00Z,RAGT_4260_MAX-CL_G-2E,Estandar,genetica,2,53820,2571,13.8,0,7.4,52.4,0.6,,,0,sana,,,,,0,0,14,22,30,52,27,94,41,2490.11460674157,3008.05844494382
Tomás Ibarrolaza,CHASCOMUS,MAIZ_TARDIO,2022-12-03T00:00:00Z,2023-04-01T00:00:00Z,SYN_3970_CL,Estandar,genetica,1,52800,2465,18.7,105,9.5,49.1,3.6,,,0,sana,,,,,0,0,14,22,30,52,27,94,41,2251.73595505618,2571.48246067416
Tomás Ibarrolaza,CHASCOMUS,MAIZ_TARDIO,2022-12-03T00:00:00Z,2023-04-01T00:00:00Z,SYN_3970_CL,Estandar,genetica,2,52800,2571,18.7,105,9.5,49.1,3.6,,,0,sana,,,,,0,0,14,22,30,52,27,94,41,2348.56516853933,2682.06142247191
Tomás Ibarrolaza,CHASCOMUS,MAIZ_TARDIO,2022-12-03T00:00:00Z,2023-04-01T00:00:00Z,SYN_3975_CLHO,Estandar,genetica_densidad,1,54420,2142,12.4,163,8.3,53,0.8,,,0,sana,,,,,0,0,14,22,30,52,27,94,41,2108.30561797753,2572.13285393258
Tomás Ibarrolaza,CHASCOMUS,MAIZ_TARDIO,2022-12-03T00:00:00Z,2023-04-01T00:00:00Z,SYN_3975_CLHO,Estandar,genetica_densidad,1,55200,2142,12.4,121,9.5,49.1,3.6,,,0,sana,,,,,0,0,14,22,30,52,27,94,41,2108.30561797753,2407.68501573034
Tomás Ibarrolaza,CHASCOMUS,MAIZ_TARDIO,2022-12-03T00:00:00Z,2023-04-01T00:00:00Z,SYN_3975_CLHO,Estandar,genetica_densidad,2,54420,2142,12.4,163,8.3,53,0.8,,,0,sana,,,,,0,0,14,22,30,52,27,94,41,2108.30561797753,2572.13285393258
Tomás Ibarrolaza,CHASCOMUS,MAIZ_TARDIO,2022-12-03T00:00:00Z,2023-04-01T00:00:00Z,SYN_3975_CLHO,Estandar,genetica_densidad,2,55200,2320,12.4,121,9.5,49.1,3.6,,,0,sana,,,,,0,0,14,22,30,52,27,94,41,2283.50561797753,2607.76341573034
Federico Comisso,GUAMINI,MAIZ,2022-11-01T00:00:00Z,2023-03-17T00:00:00Z,INSUN_211_CL,Estandar,genetica,2,35000,2167,8.4,0,12,49.1,0.5,0,,0,sana,0,sana,sana,no,4,16,119,71,0,166,58,45,0,2230.30561797753,2547.00901573034
Federico Comisso,GUAMINI,MAIZ,2022-11-01T00:00:00Z,2023-03-17T00:00:00Z,NK_3969_CL,Estandar,genetica,1,34000,2364,8.7,0,8.7,53.5,0.8,0,,0,sana,0,sana,sana,no,4,16,119,71,0,166,58,45,0,2425.09213483146,2982.8633258427
Federico Comisso,GUAMINI,MAIZ,2022-11-01T00:00:00Z,2023-03-17T00:00:00Z,NUSOL_4145_CL,Estandar,genetica,1,32000,2273,8.6,0,10.4,46,0.7,0,,0,sana,0,baja,sana,no,4,16,119,71,0,166,58,45,0,2334.29438202247,2521.03793258427
Federico Comisso,GUAMINI,MAIZ,2022-11-01T00:00:00Z,2023-03-17T00:00:00Z,NUSOL_4145_CL,Estandar,genetica,2,32000,2083,8.9,0,10.4,46,0.7,0,,0,sana,0,baja,sana,no,4,16,119,71,0,166,58,45,0,2132.14943820225,2302.72139325843
Federico Comisso,GUAMINI,MAIZ,2022-11-01T00:00:00Z,2023-03-17T00:00:00Z,SYN_3975_CLHO,Estandar,genetica,1,31000,2182,8.6,0,10.2,52.6,0.6,0,,0,sana,0,sana,sana,no,4,16,119,71,0,166,58,45,0,2240.8404494382,2715.8986247191
Emanuel Vilela,MADARIAGA,MAIZ,2022-11-08T00:00:00Z,2023-03-22T00:00:00Z,SYN_3990_CL,Mas 30%,densidad,1,63000,2871,9,2520,3.4,54.6,0.7,0,,0,,0,media,sana,no,53.5,3,58,48,126,68,92,0,0,2935.51685393258,3675.2671011236
Emanuel Vilela,MADARIAGA,MAIZ,2022-11-08T00:00:00Z,2023-03-22T00:00:00Z,SYN_3990_CL,Mas 30%,densidad,2,60000,2794,9,0,3.4,54.6,0.7,0,,0,,0,media,sana,no,53.5,3,58,48,126,68,92,0,0,2856.78651685393,3576.69671910112
Emanuel Vilela,MADARIAGA,MAIZ,2022-11-08T00:00:00Z,2023-03-22T00:00:00Z,SYN_3990_CL,Menos 30%,densidad,1,30000,3031,9,1200,3.8,53.4,0.7,0,,0,,0,baja,sana,no,53.5,3,58,48,126,68,92,0,0,3099.11235955056,3805.70997752809
Emanuel Vilela,MADARIAGA,MAIZ,2022-11-08T00:00:00Z,2023-03-22T00:00:00Z,SYN_3990_CL,Menos 30%,densidad,2,32000,3129,9,0,3.8,53.4,0.7,0,,0,,0,baja,sana,no,53.5,3,58,48,126,68,92,0,0,3199.31460674157,3928.75833707865
Emanuel Vilela,MADARIAGA,MAIZ,2022-11-08T00:00:00Z,2023-03-22T00:00:00Z,ACA_216_CLDM,Estandar,genetica,1,43000,3200,8,1720,0.9,53.1,0.8,0,,0,,0,media,sana,no,53.5,3,58,48,126,68,92,0,0,3307.86516853933,4042.21123595506
Emanuel Vilela,MADARIAGA,MAIZ,2022-11-08T00:00:00Z,2023-03-22T00:00:00Z,ACA_216_CLDM,Estandar,genetica,2,42000,3375,9,0,0.9,53.1,0.8,0,,0,,0,media,sana,no,53.5,3,58,48,126,68,92,0,0,3450.84269662921,4216.9297752809
Emanuel Vilela,MADARIAGA,MAIZ,2022-11-08T00:00:00Z,2023-03-22T00:00:00Z,CACIQUE_320_CL_G_2L,Estandar,genetica,1,46000,2733,8,0,0.7,50,0.7,0,,0,,0,baja,sana,no,53.5,3,58,48,126,68,92,0,0,2825.12359550562,3277.14337078652
Emanuel Vilela,MADARIAGA,MAIZ,2022-11-08T00:00:00Z,2023-03-22T00:00:00Z,CACIQUE_320_CL_G_2L,Estandar,genetica,2,42000,2644,8,0,0.7,50,0.7,0,,0,,0,baja,sana,no,53.5,3,58,48,126,68,92,0,0,2733.12359550562,3170.42337078652
Emanuel Vilela,MADARIAGA,MAIZ,2022-11-08T00:00:00Z,2023-03-22T00:00:00Z,CACIQUE_322_CL_G_2,Estandar,genetica,1,45000,2700,7,0,0.4,53,0.7,0,,0,,0,media,sana,no,53.5,3,58,48,126,68,92,0,0,2821.34831460674,3442.04494382022
Emanuel Vilela,MADARIAGA,MAIZ,2022-11-08T00:00:00Z,2023-03-22T00:00:00Z,CACIQUE_322_CL_G_2,Estandar,genetica,2,45000,2367,8,0,0.4,53,0.7,0,,0,,0,baja,sana,no,53.5,3,58,48,126,68,92,0,0,2446.78651685393,2985.0795505618
Emanuel Vilela,MADARIAGA,MAIZ,2022-11-08T00:00:00Z,2023-03-22T00:00:00Z,INSUN_211_CL,Estandar,genetica,1,46000,3270,7,0,0.7,53.7,0.5,0,,0,,0,baja,sana,no,53.5,3,58,48,126,68,92,0,0,3416.96629213483,4216.53640449438
Emanuel Vilela,MADARIAGA,MAIZ,2022-11-08T00:00:00Z,2023-03-22T00:00:00Z,INSUN_211_CL,Estandar,genetica,2,45000,3613,8,0,0.7,53.7,0.5,0,,0,,0,baja,sana,no,53.5,3,58,48,126,68,92,0,0,3734.78651685393,4608.72656179775
Emanuel Vilela,MADARIAGA,MAIZ,2022-11-08T00:00:00Z,2023-03-22T00:00:00Z,NK_3969_CL,Estandar,genetica,1,48000,3244,7,0,1,56.8,0.8,0,,0,,0,media,sana,no,53.5,3,58,48,126,68,92,0,0,3389.79775280899,4393.17788764045
Emanuel Vilela,MADARIAGA,MAIZ,2022-11-08T00:00:00Z,2023-03-22T00:00:00Z,NK_3969_CL,Estandar,genetica,2,46000,2956,7,0,1,56.8,0.8,0,,0,,0,baja,sana,no,53.5,3,58,48,126,68,92,0,0,3088.85393258427,4003.15469662921
Emanuel Vilela,MADARIAGA,MAIZ,2022-11-08T00:00:00Z,2023-03-22T00:00:00Z,NS1113_CL,Estandar,genetica,1,42000,2878,9,0,1.3,57.4,0.7,0,,0,,0,media,sana,no,53.5,3,58,48,126,68,92,0,0,2942.67415730337,3849.01779775281
Emanuel Vilela,MADARIAGA,MAIZ,2022-11-08T00:00:00Z,2023-03-22T00:00:00Z,NS1113_CL,Estandar,genetica,2,45000,2400,8,0,1.3,57.4,0.7,0,,0,,0,media,sana,no,53.5,3,58,48,126,68,92,0,0,2480.89887640449,3245.01573033708
Emanuel Vilela,MADARIAGA,MAIZ,2022-11-08T00:00:00Z,2023-03-22T00:00:00Z,NUSOL_4145_CL,Estandar,genetica,1,45000,2567,9,0,0.8,52.7,0.5,0,,0,,0,media,sana,no,53.5,3,58,48,126,68,92,0,0,2624.68539325843,3186.36806741573
Emanuel Vilela,MADARIAGA,MAIZ,2022-11-08T00:00:00Z,2023-03-22T00:00:00Z,NUSOL_4145_CL,Estandar,genetica,2,41000,2450,8,0,0.8,52.7,0.5,0,,0,,0,media,sana,no,53.5,3,58,48,126,68,92,0,0,2532.58426966292,3074.55730337079
Emanuel Vilela,MADARIAGA,MAIZ,2022-11-08T00:00:00Z,2023-03-22T00:00:00Z,NUSOL_4180_CL_PLUS,Estandar,genetica,1,46000,2811,9,0,1.1,54.4,0.7,0,,0,,0,media,sana,no,53.5,3,58,48,126,68,92,0,0,2874.16853932584,3586.96233707865
Emanuel Vilela,MADARIAGA,MAIZ,2022-11-08T00:00:00Z,2023-03-22T00:00:00Z,NUSOL_4180_CL_PLUS,Estandar,genetica,2,43000,2675,8,0,1.1,54.4,0.7,0,,0,,0,media,sana,no,53.5,3,58,48,126,68,92,0,0,2765.16853932584,3450.93033707865
Emanuel Vilela,MADARIAGA,MAIZ,2022-11-08T00:00:00Z,2023-03-22T00:00:00Z,PARAISO_1800_CL_PLUS,Estandar,genetica,1,43000,3222,9,0,0.7,52.6,0.7,0,,0,,0,baja,sana,no,53.5,3,58,48,126,68,92,0,0,3294.40449438202,3992.81824719101
Emanuel Vilela,MADARIAGA,MAIZ,2022-11-08T00:00:00Z,2023-03-22T00:00:00Z,PARAISO_1800_CL_PLUS,Estandar,genetica,2,42000,3078,8,0,0.7,52.6,0.7,0,,0,,0,baja,sana,no,53.5,3,58,48,126,68,92,0,0,3181.75280898876,3856.28440449438
Emanuel Vilela,MADARIAGA,MAIZ,2022-11-08T00:00:00Z,2023-03-22T00:00:00Z,RAGT_4260_MAX-CL_G-2E,Estandar,genetica,1,48000,3538,7,0,0.8,52.7,0.8,0,,0,,0,media,sana,no,53.5,3,58,48,126,68,92,0,0,3697.01123595506,4488.17164044944
Emanuel Vilela,MADARIAGA,MAIZ,2022-11-08T00:00:00Z,2023-03-22T00:00:00Z,RAGT_4260_MAX-CL_G-2E,Estandar,genetica,2,42000,3022,8,0,0.8,52.7,0.8,0,,0,,0,baja,sana,no,53.5,3,58,48,126,68,92,0,0,3123.86516853933,3792.37231460674
Emanuel Vilela,MADARIAGA,MAIZ,2022-11-08T00:00:00Z,2023-03-22T00:00:00Z,SYN_3970_CL,Estandar,genetica,1,45000,2889,9,0,1,55.5,0.6,0,,0,,0,baja,sana,no,53.5,3,58,48,126,68,92,0,0,2953.92134831461,3751.48011235955
Emanuel Vilela,MADARIAGA,MAIZ,2022-11-08T00:00:00Z,2023-03-22T00:00:00Z,SYN_3970_CL,Estandar,genetica,2,44000,2900,8,0,1,55.5,0.6,0,,0,,0,baja,sana,no,53.5,3,58,48,126,68,92,0,0,2997.75280898876,3807.14606741573
Emanuel Vilela,MADARIAGA,MAIZ,2022-11-08T00:00:00Z,2023-03-22T00:00:00Z,SYN_3975_CLHO,Estandar,genetica,1,43000,2967,8,0,1.1,57,0.6,0,,0,,0,baja,sana,no,53.5,3,58,48,126,68,92,0,0,3067.01123595506,3987.11460674157
Emanuel Vilela,MADARIAGA,MAIZ,2022-11-08T00:00:00Z,2023-03-22T00:00:00Z,SYN_3975_CLHO,Estandar,genetica,2,40000,2967,9,0,1.1,57,0.6,0,,0,,0,baja,sana,no,53.5,3,58,48,126,68,92,0,0,3033.67415730337,3943.77640449438
Emanuel Vilela,MADARIAGA,MAIZ,2022-11-08T00:00:00Z,2023-03-22T00:00:00Z,ZT_74L68_CL,Estandar,genetica,1,47000,2963,8,0,1.7,53.2,0.8,0,,0,,0,media,sana,no,53.5,3,58,48,126,68,92,0,0,3062.87640449438,3748.96071910112
Emanuel Vilela,MADARIAGA,MAIZ,2022-11-08T00:00:00Z,2023-03-22T00:00:00Z,ZT_74L68_CL,Estandar,genetica,2,48000,2822,8,0,1.7,53.2,0.8,0,,0,,0,media,sana,no,53.5,3,58,48,126,68,92,0,0,2917.12359550562,3570.55928089888
Emanuel Vilela,MADARIAGA,MAIZ,2022-11-08T00:00:00Z,2023-03-22T00:00:00Z,SYN_3990_CL,Estandar,genetica_densidad,1,49000,3333,9,0,1.8,55.5,0.8,0,,0,,0,media,sana,no,53.5,3,58,48,126,68,92,0,0,3407.89887640449,4328.03157303371
Emanuel Vilela,MADARIAGA,MAIZ,2022-11-08T00:00:00Z,2023-03-22T00:00:00Z,SYN_3990_CL,Estandar,genetica_densidad,2,45000,3250,9,0,1.8,55.5,0.8,0,,0,,0,media,sana,no,53.5,3,58,48,126,68,92,0,0,3323.03370786517,4220.25280898876
Hugo Gonzalez,MDP,CEBADA/SOJA_2DA,2023-10-07T00:00:00Z,2023-02-27T00:00:00Z,CACIQUE_320_CL_G_2L,Estandar,genetica,1,59000,2956,7.4,0,15.7,48.2,0.5,0,,0,sana,1,media,sana,no,0,0,43,164,61,35,142,0,0,3075.56853932584,3456.93903820225
Hugo Gonzalez,MDP,CEBADA/SOJA_2DA,2023-10-07T00:00:00Z,2023-02-27T00:00:00Z,CACIQUE_322_CL_G_2,Estandar,genetica,1,58000,2762,7.2,0,7.1,49.6,0.8,0,,0,sana,1,baja,sana,no,0,0,43,164,61,35,142,0,0,2879.92808988764,3317.67715955056
Hugo Gonzalez,MDP,CEBADA/SOJA_2DA,2023-10-07T00:00:00Z,2023-02-27T00:00:00Z,NK_3969_CL,Estandar,genetica,1,61000,3007,7.7,0,10,55.5,1.5,0,,0,sana,3,media,sana,no,0,0,43,164,61,35,142,0,0,3118.49550561798,3960.48929213483
Hugo Gonzalez,MDP,CEBADA/SOJA_2DA,2023-10-07T00:00:00Z,2023-02-27T00:00:00Z,NUSOL_4145_CL,Estandar,genetica,2,59000,3100,7,0,5.6,51.8,0.7,0,,0,media,1,baja,sana,no,0,0,43,164,61,35,142,0,0,3239.32584269663,3874.23370786517
Hugo Gonzalez,MDP,CEBADA/SOJA_2DA,2023-10-07T00:00:00Z,2023-02-27T00:00:00Z,NUSOL_4180_CL_PLUS,Estandar,genetica,1,59000,3008,7.3,0,8,47.4,1.4,0,,0,baja,3,baja,sana,no,0,0,43,164,61,35,142,0,0,3133.05168539326,3471.42126741573
Hugo Gonzalez,MDP,CEBADA/SOJA_2DA,2023-10-07T00:00:00Z,2023-02-27T00:00:00Z,NUSOL_4180_CL_PLUS,Estandar,genetica,2,62000,3023,7,0,8,47.4,1.4,0,,0,sana,0,sana,sana,no,0,0,43,164,61,35,142,0,0,3158.86516853933,3500.02260674157
Hugo Gonzalez,MDP,CEBADA/SOJA_2DA,2023-10-07T00:00:00Z,2023-02-27T00:00:00Z,SYN_3975_CLHO,Estandar,genetica,2,62000,3150,7.1,0,10,49.5,0.7,0,,0,media,1,baja,sana,no,0,0,43,164,61,35,142,0,0,3288.03370786517,3781.23876404494
Hugo Gonzalez,MDP,CEBADA/SOJA_2DA,2023-10-07T00:00:00Z,2023-02-27T00:00:00Z,ZT_74L68_CL,Estandar,genetica,2,65000,2837,7,0,10.9,53.5,0.5,0,,0,sana,1,sana,sana,no,0,0,43,164,61,35,142,0,0,2964.50561797753,3646.34191011236
Julian Valdez,NECOCHEA,MAIZ,2023-10-24T00:00:00Z,2023-03-12T00:00:00Z,SYN_3970_CL,Mas 30%,densidad,1,74058,2145,5.8,0,4.3,51.8,0.5,6.67,media,0,sana,2,alta,sana,no,38,1,30,69,30,53,103,38,0,2270.32584269663,2715.30970786517
Laura Cutini,SALDUNGARAY,CEBADA,2022-10-20T00:00:00Z,2023-03-30T00:00:00Z,SYN_4070,Estandar,densidad,1,30560,3589,9,0,1.9,48.6,0.5,0,,0,sana,0,sana,sana,no,19,49,81,94,17,91,117,94,0,3669.65168539326,4154.04570786517
Laura Cutini,SALDUNGARAY,CEBADA,2022-10-20T00:00:00Z,2023-03-31T00:00:00Z,SYN_4070,Mas 30%,densidad,1,40110,3601,10,0,2.9,47.7,0.6,0,,0,sana,0,sana,sana,no,19,49,81,94,17,91,117,94,0,3641.4606741573,4056.58719101124
Laura Cutini,SALDUNGARAY,CEBADA,2022-10-20T00:00:00Z,2023-04-01T00:00:00Z,SYN_4070,Menos 30%,densidad,1,22283,3670,9,0,2.7,49.7,0.8,0,,0,sana,0,sana,sana,no,19,49,81,94,17,91,117,94,0,3752.47191011236,4330.35258426966
Laura Cutini,SALDUNGARAY,CEBADA,2022-10-20T00:00:00Z,2023-03-17T00:00:00Z,ACA_216_CLDM,Estandar,genetica,1,39473,1870,9,1973,3.6,44.7,0.5,0,,0,sana,0,sana,sana,no,19,49,81,94,17,91,117,94,0,1912.02247191011,2015.27168539326
Laura Cutini,SALDUNGARAY,CEBADA,2022-10-20T00:00:00Z,2023-03-29T00:00:00Z,ADV_5407_CL,Estandar,genetica,1,31197,2033,9,0,5.2,46.5,0.5,0,,0,sana,0,sana,sana,si,19,49,81,94,17,91,117,94,0,2078.68539325843,2265.76707865169
Laura Cutini,SALDUNGARAY,CEBADA,2022-10-20T00:00:00Z,2023-03-28T00:00:00Z,ADV_5505_CL,Estandar,genetica,1,31833,1882,9,0,4.5,41.1,0.6,0,,0,sana,0,sana,sana,no,19,49,81,94,17,91,117,94,0,1924.29213483146,1889.65487640449
Laura Cutini,SALDUNGARAY,CEBADA,2022-10-20T00:00:00Z,2023-03-15T00:00:00Z,CACIQUE_320_CL_G_2L,Estandar,genetica,1,36290,2057,8,0,3.2,42.3,0.8,0,,0,sana,0,sana,sana,si,19,49,81,94,17,91,117,94,0,2126.33707865169,2139.0951011236
Laura Cutini,SALDUNGARAY,CEBADA,2022-10-20T00:00:00Z,2023-03-16T00:00:00Z,CACIQUE_322_CL_G_2,Estandar,genetica,1,35653,1904,9,0,1.7,46,0.5,0,,0,sana,0,sana,sana,si,19,49,81,94,17,91,117,94,0,1946.78651685393,2102.52943820225
Laura Cutini,SALDUNGARAY,CEBADA,2022-10-20T00:00:00Z,2023-03-23T00:00:00Z,INSUN_211_CL,Estandar,genetica,1,34380,2238,9,0,5.4,44.8,0.5,0,,0,sana,0,sana,sana,si,19,49,81,94,17,91,117,94,0,2288.29213483146,2416.43649438202
Laura Cutini,SALDUNGARAY,CEBADA,2022-10-20T00:00:00Z,2023-03-25T00:00:00Z,NK_3969_CL,Estandar,genetica,1,29923,2039,9,0,3.1,49.6,0.7,0,,0,sana,0,sana,sana,no,19,49,81,94,17,91,117,94,0,2084.8202247191,2401.7128988764
Laura Cutini,SALDUNGARAY,CEBADA,2022-10-20T00:00:00Z,2023-03-19T00:00:00Z,NS1113_CL,Estandar,genetica,1,43293,2244,8,0,1.2,48.9,0.6,0,,0,sana,0,sana,sana,no,19,49,81,94,17,91,117,94,0,2319.6404494382,2639.75083146067
Laura Cutini,SALDUNGARAY,CEBADA,2022-10-20T00:00:00Z,2023-03-21T00:00:00Z,NUSOL_4145_CL,Estandar,genetica,1,37563,2321,8,0,3.5,41.9,0.8,0,,0,sana,0,sana,sana,si,19,49,81,94,17,91,117,94,0,2399.23595505618,2394.43748314607
Laura Cutini,SALDUNGARAY,CEBADA,2022-10-20T00:00:00Z,2023-03-22T00:00:00Z,NUSOL_4180_CL_PLUS,Estandar,genetica,1,35017,2250,8,0,2.6,43.8,0.7,0,,0,sana,0,sana,sana,no,19,49,81,94,17,91,117,94,0,2325.84269662921,2409.57303370787
Laura Cutini,SALDUNGARAY,CEBADA,2022-10-20T00:00:00Z,2023-03-20T00:00:00Z,PARAISO_1800_CL_PLUS,Estandar,genetica,1,36927,2244,8,0,3.6,44.2,0.7,0,,0,sana,0,sana,sana,si,19,49,81,94,17,91,117,94,0,2319.6404494382,2421.70462921348
Laura Cutini,SALDUNGARAY,CEBADA,2022-10-20T00:00:00Z,2023-03-27T00:00:00Z,RAGT_4260_MAX-CL_G-2E,Estandar,genetica,1,35653,2111,9,0,3.1,43,0.6,0,,0,sana,1,sana,sana,si,19,49,81,94,17,91,117,94,0,2158.43820224719,2201.60696629214
Laura Cutini,SALDUNGARAY,CEBADA,2022-10-20T00:00:00Z,2023-03-26T00:00:00Z,SYN_3970_CL,Estandar,genetica,1,33743,1976,8,0,3.6,48.9,0.6,0,,0,sana,0,sana,sana,no,19,49,81,94,17,91,117,94,0,2042.60674157303,2324.48647191011
Laura Cutini,SALDUNGARAY,CEBADA,2022-10-20T00:00:00Z,2023-03-24T00:00:00Z,SYN_3975_CLHO,Estandar,genetica,1,25467,2028,8,0,6.7,48.6,0.8,0,,0,sana,0,sana,sana,no,19,49,81,94,17,91,117,94,0,2096.3595505618,2373.07901123596
Laura Cutini,SALDUNGARAY,CEBADA,2022-10-20T00:00:00Z,2023-03-18T00:00:00Z,ZT_74L68_CL,Estandar,genetica,1,40110,2041,9,0,2.2,43.2,0.5,0,,0,sana,0,sana,sana,si,19,49,81,94,17,91,117,94,0,2086.86516853933,2136.94993258427
Segundo Paez,TANDIL,MAIZ,2022-11-04T00:00:00Z,,ACA_216_CLDM,Estandar,genetica,1,56000,2042,9.6,2240,1.9,49.9,0.8,0,sana,0,sana,1,baja,sana,no,40,10,105,70,85,80,80,0,0,2074.12134831461,2401.83252134831
Segundo Paez,TANDIL,MAIZ,2022-11-04T00:00:00Z,,CACIQUE_322_CL_G_2,Estandar,genetica,1,57000,1846,8.4,0,2,48.8,0.6,0,sana,0,sana,2,media,sana,no,40,10,105,70,85,80,80,0,0,1899.92808988764,2158.31831011236
Segundo Paez,TANDIL,MAIZ,2022-11-04T00:00:00Z,,INSUN_211_CL,Estandar,genetica,1,56500,2229,8.8,0,1.2,51,0.5,0,sana,0,sana,1,baja,sana,no,40,10,105,70,85,80,80,0,0,2284.09887640449,2695.2366741573
Segundo Paez,TANDIL,MAIZ,2022-11-04T00:00:00Z,,NS1113_CL,Estandar,genetica,1,58000,2001,8.3,0,2.5,52.2,0.5,0,sana,0,sana,1,baja,sana,no,40,10,105,70,85,80,80,0,0,2061.70449438202,2482.29221123596
Segundo Paez,TANDIL,MAIZ,2022-11-04T00:00:00Z,,NUSOL_4180_CL_PLUS,Estandar,genetica,1,56500,2331,10.7,0,2.3,51.5,0.8,0,sana,0,sana,1,media,sana,no,40,10,105,70,85,80,80,0,0,2338.85730337079,2783.24019101124
Segundo Paez,TANDIL,MAIZ,2022-11-04T00:00:00Z,,SYN_3970_CL,Estandar,genetica,1,57800,2572,9,0,4.6,52.5,0.7,0,sana,0,sana,1,baja,sana,no,40,10,105,70,85,80,80,0,0,2629.79775280899,3182.05528089888
Segundo Paez,TANDIL,MAIZ,2022-11-04T00:00:00Z,,SYN_3975_CLHO,Estandar,genetica,1,58000,2334,9.8,0,5,54.8,0.8,0,sana,0,sana,1,baja,sana,no,40,10,105,70,85,80,80,0,0,2365.46966292135,2971.02989662921
Laura Cutini,TORNQUIST,VICIA._MAIZ,2022-11-05T00:00:00Z,,SYN_3970_CL,Estandar,densidad,1,36290,3488,8.9,0,1.1,51.6,0.8,0,,0,sana,0,sana,sana,no,11,50.5,92,131,9,68,0,0,0,3570.30112359551,4255.79893932584
Laura Cutini,TORNQUIST,VICIA._MAIZ,2022-11-05T00:00:00Z,,SYN_3970_CL,Estandar,densidad,2,36290,3367,9.2,0,1.1,51.6,0.8,0,,0,sana,0,sana,sana,si,11,50.5,92,131,9,68,0,0,0,3435.09662921348,4094.63518202247
Laura Cutini,TORNQUIST,VICIA._MAIZ,2022-11-05T00:00:00Z,,SYN_3970_CL,Mas 30%,densidad,1,47750,4330,7.7,0,0.9,52.2,0.5,0,,0,sana,0,sana,sana,no,11,50.5,92,131,9,68,0,0,0,4490.55056179775,5406.6228764045
Laura Cutini,TORNQUIST,VICIA._MAIZ,2022-11-05T00:00:00Z,,SYN_3970_CL,Mas 30%,densidad,2,47750,3488,8.4,0,0.9,52.2,0.5,0,,0,sana,0,sana,sana,si,11,50.5,92,131,9,68,0,0,0,3589.89662921348,4322.23554157303
Laura Cutini,TORNQUIST,VICIA._MAIZ,2022-11-05T00:00:00Z,,SYN_3970_CL,Menos 30%,densidad,1,26740,2766,10.6,0,0.8,49.9,0.8,0,,0,sana,0,sana,sana,si,11,50.5,92,131,9,68,0,0,0,2778.43146067416,3217.42363146067
Laura Cutini,TORNQUIST,VICIA._MAIZ,2022-11-05T00:00:00Z,,SYN_3970_CL,Menos 30%,densidad,2,26740,2646,10.6,0,0.8,49.9,0.8,0,,0,sana,0,sana,sana,si,11,50.5,92,131,9,68,0,0,0,2657.89213483146,3077.83909213483
Laura Cutini,TORNQUIST,VICIA._MAIZ,2022-11-05T00:00:00Z,,ACA_216_CLDM,Estandar,genetica,1,31133,2526,10.8,0,2.6,48.7,0.5,0,,0,sana,0,sana,sana,no,11,50.5,92,131,9,68,0,0,0,2531.67640449438,2870.92104269663
Laura Cutini,TORNQUIST,VICIA._MAIZ,2022-11-05T00:00:00Z,,ACA_216_CLDM,Estandar,genetica,2,31113.9,1804,10,0,2.6,48.7,0.5,0,,0,sana,0,sana,sana,si,11,50.5,92,131,9,68,0,0,0,1824.26966292135,2068.72179775281
Laura Cutini,TORNQUIST,VICIA._MAIZ,2022-11-05T00:00:00Z,,ADV_5407_CL,Estandar,genetica,1,31171.2,2886,9.6,0,0.6,53.8,0.6,0,,0,sana,0,sana,sana,si,11,50.5,92,131,9,68,0,0,0,2931.39775280899,3623.20762247191
Laura Cutini,TORNQUIST,VICIA._MAIZ,2022-11-05T00:00:00Z,,ADV_5407_CL,Estandar,genetica,2,31171.2,2165,10,0,0.6,53.8,0.6,0,,0,sana,0,sana,sana,si,11,50.5,92,131,9,68,0,0,0,2189.32584269663,2706.00674157303
Laura Cutini,TORNQUIST,VICIA._MAIZ,2022-11-05T00:00:00Z,,ADV_5505_CL,Estandar,genetica,1,31152.1,1804,10,0,0.9,47.8,0.5,0,,0,sana,0,sana,sana,no,11,50.5,92,131,9,68,0,0,0,1824.26966292135,2035.88494382022
Laura Cutini,TORNQUIST,VICIA._MAIZ,2022-11-05T00:00:00Z,,ADV_5505_CL,Estandar,genetica,2,31152.1,2405,9.3,0,0.9,47.8,0.5,0,,0,sana,0,sana,sana,si,11,50.5,92,131,9,68,0,0,0,2450.93820224719,2735.24703370786
Laura Cutini,TORNQUIST,VICIA._MAIZ,2022-11-05T00:00:00Z,,CACIQUE_320_CL_G_2L,Estandar,genetica,1,30999.3,1924,9.05,0,1.2,49.2,0.7,0,,0,sana,0,sana,sana,si,11,50.5,92,131,9,68,0,0,0,1966.15505617978,2249.28138426966
Laura Cutini,TORNQUIST,VICIA._MAIZ,2022-11-05T00:00:00Z,,CACIQUE_320_CL_G_2L,Estandar,genetica,2,30789.2,1804,8.5,0,1.2,49.2,0.7,0,,0,sana,1,sana,sana,si,11,50.5,92,131,9,68,0,0,0,1854.67415730337,2121.74723595506
Laura Cutini,TORNQUIST,VICIA._MAIZ,2022-11-05T00:00:00Z,,CACIQUE_322_CL_G_2,Estandar,genetica,1,30827.4,2165,8.5,0,0.7,45.4,0.8,0,,0,sana,0,sana,sana,si,11,50.5,92,131,9,68,0,0,0,2225.81460674157,2377.17
Laura Cutini,TORNQUIST,VICIA._MAIZ,2022-11-05T00:00:00Z,,CACIQUE_322_CL_G_2,Estandar,genetica,2,30789.2,1804,9.6,0,0.7,45.4,0.8,0,,0,sana,0,sana,sana,si,11,50.5,92,131,9,68,0,0,0,1832.37752808989,1956.9792
Laura Cutini,TORNQUIST,VICIA._MAIZ,2022-11-05T00:00:00Z,,INSUN_211_CL,Estandar,genetica,1,31113.9,2285,10.2,0,1.3,49.5,1.2,0,,0,sana,0,sana,sana,si,11,50.5,92,131,9,68,0,0,0,2305.5393258427,2651.3702247191
Laura Cutini,TORNQUIST,VICIA._MAIZ,2022-11-05T00:00:00Z,,INSUN_211_CL,Estandar,genetica,2,31133,1804,9.3,0,1.3,49.5,1.2,0,,0,sana,0,sana,sana,si,11,50.5,92,131,9,68,0,0,0,1838.45842696629,2114.22719101124
Laura Cutini,TORNQUIST,VICIA._MAIZ,2022-11-05T00:00:00Z,,NK_3969_CL,Estandar,genetica,1,31133,2044,9.4,0,1.2,52.3,0.5,0,,0,sana,0,sana,sana,no,11,50.5,92,131,9,68,0,0,0,2080.74606741573,2509.37975730337
Laura Cutini,TORNQUIST,VICIA._MAIZ,2022-11-05T00:00:00Z,,NK_3969_CL,Estandar,genetica,2,31209.4,2165,9.2,0,1.2,52.3,0.5,0,,0,sana,0,sana,sana,si,11,50.5,92,131,9,68,0,0,0,2208.78651685393,2663.79653932584
Laura Cutini,TORNQUIST,VICIA._MAIZ,2022-11-05T00:00:00Z,,NS1113_CL,Estandar,genetica,1,30961.1,2285,8.85,0,2.3,52.8,0.5,0,,0,sana,0,sana,sana,no,11,50.5,92,131,9,68,0,0,0,2340.19943820225,2845.68251685393
Laura Cutini,TORNQUIST,VICIA._MAIZ,2022-11-05T00:00:00Z,,NS1113_CL,Estandar,genetica,2,30999.3,1804,8.6,0,2.3,52.8,0.5,0,,0,sana,0,sana,sana,si,11,50.5,92,131,9,68,0,0,0,1852.64719101124,2252.81898426966
Laura Cutini,TORNQUIST,VICIA._MAIZ,2022-11-05T00:00:00Z,,NUSOL_4145_CL,Estandar,genetica,1,30789.2,2165,9.8,0,2.7,46.1,0.5,0,,0,sana,0,sana,sana,si,11,50.5,92,131,9,68,0,0,0,2194.19101123596,2374.1146741573
Laura Cutini,TORNQUIST,VICIA._MAIZ,2022-11-05T00:00:00Z,,NUSOL_4145_CL,Estandar,genetica,2,30770.1,2165,9.5,0,2.7,46.1,0.5,0,,0,sana,0,sana,sana,si,11,50.5,92,131,9,68,0,0,0,2201.48876404494,2382.01084269663
Laura Cutini,TORNQUIST,VICIA._MAIZ,2022-11-05T00:00:00Z,,NUSOL_4180_CL_PLUS,Estandar,genetica,1,30770.1,2405,12.25,0,0.7,49,0.6,0,,0,sana,0,sana,sana,no,11,50.5,92,131,9,68,0,0,0,2371.22191011236,2703.19297752809
Laura Cutini,TORNQUIST,VICIA._MAIZ,2022-11-05T00:00:00Z,,NUSOL_4180_CL_PLUS,Estandar,genetica,2,30789.2,2044,11.2,0,0.7,49,0.6,0,,0,sana,0,sana,sana,si,11,50.5,92,131,9,68,0,0,0,2039.40674157303,2324.92368539326
Laura Cutini,TORNQUIST,VICIA._MAIZ,2022-11-05T00:00:00Z,,OBELISCO,Estandar,genetica,1,30999.3,2285,9.55,0,0.9,50.9,0.6,0,,0,sana,0,sana,sana,no,11,50.5,92,131,9,68,0,0,0,2322.22752808989,2735.58402808989
Laura Cutini,TORNQUIST,VICIA._MAIZ,2022-11-05T00:00:00Z,,OBELISCO,Estandar,genetica,2,30961.1,2165,9.4,0,0.9,50.9,0.6,0,,0,sana,0,sana,sana,si,11,50.5,92,131,9,68,0,0,0,2203.92134831461,2596.21934831461
Laura Cutini,TORNQUIST,VICIA._MAIZ,2022-11-05T00:00:00Z,,PARAISO_1800_CL_PLUS,Estandar,genetica,1,30789.2,2285,9.5,0,0.6,47.9,0.6,0,,0,sana,0,sana,sana,si,11,50.5,92,131,9,68,0,0,0,2323.51123595506,2597.68556179775
Laura Cutini,TORNQUIST,VICIA._MAIZ,2022-11-05T00:00:00Z,,PARAISO_1800_CL_PLUS,Estandar,genetica,2,30999.3,1924,9.3,0,0.6,47.9,0.6,0,,0,sana,1,sana,sana,si,11,50.5,92,131,9,68,0,0,0,1960.75056179775,2192.11912808989
Laura Cutini,TORNQUIST,VICIA._MAIZ,2022-11-05T00:00:00Z,,RAGT_4260_MAX-CL_G-2E,Estandar,genetica,1,30789.2,2526,8.2,0,1,47.3,0.7,0,,0,sana,1,sana,sana,si,11,50.5,92,131,9,68,0,0,0,2605.46966292135,2881.64944719101
Laura Cutini,TORNQUIST,VICIA._MAIZ,2022-11-05T00:00:00Z,,RAGT_4260_MAX-CL_G-2E,Estandar,genetica,2,30827.4,2165,7.8,0,1,47.3,0.7,0,,0,sana,1,sana,sana,si,11,50.5,92,131,9,68,0,0,0,2242.84269662921,2480.58402247191
Laura Cutini,TORNQUIST,VICIA._MAIZ,2022-11-05T00:00:00Z,,SYN_3970_CL,Estandar,genetica,1,30540.9,2044,11.8,0,1.3,51.8,0.8,0,,0,sana,0,sana,sana,no,11,50.5,92,131,9,68,0,0,0,2025.62696629213,2422.64985168539
Laura Cutini,TORNQUIST,VICIA._MAIZ,2022-11-05T00:00:00Z,,SYN_3970_CL,Estandar,genetica,2,30789.2,1684,10.3,0,1.3,51.8,0.8,0,,0,sana,0,sana,sana,si,11,50.5,92,131,9,68,0,0,0,1697.24494382022,2029.90495280899
Laura Cutini,TORNQUIST,VICIA._MAIZ,2022-11-05T00:00:00Z,,SYN_3975_CLHO,Estandar,genetica,1,31209.4,2646,10.5,0,2.2,52.5,0.7,0,,0,sana,0,sana,sana,no,11,50.5,92,131,9,68,0,0,0,2660.86516853933,3219.64685393258
Laura Cutini,TORNQUIST,VICIA._MAIZ,2022-11-05T00:00:00Z,,SYN_3975_CLHO,Estandar,genetica,2,31133,2044,9.4,0,2.2,52.5,0.7,0,,0,sana,0,sana,sana,no,11,50.5,92,131,9,68,0,0,0,2080.74606741573,2517.70274157303
Laura Cutini,TORNQUIST,VICIA._MAIZ,2022-11-05T00:00:00Z,,ZT_74L68_CL,Estandar,genetica,1,30789.2,2044,9.5,0,1,50,0.7,0,,0,sana,0,sana,sana,si,11,50.5,92,131,9,68,0,0,0,2078.44943820225,2411.00134831461
Laura Cutini,TORNQUIST,VICIA._MAIZ,2022-11-05T00:00:00Z,,ZT_74L68_CL,Estandar,genetica,2,30540.9,2285,9.3,0,1,50,0.7,0,,0,sana,0,sana,sana,no,11,50.5,92,131,9,68,0,0,0,2328.64606741573,2701.22943820225
Juan Peralta Martínez,TRENQUE_LAUQUEN,SOJA,2022-10-14T00:00:00Z,,SYN_3970_CL,Mas 30%,densidad,1,49500,2663,7,0,3.5,55.9,0.8,0,,0,sana,0,sana,sana,no,5,32,34,108,7,148,42,4,0,2782.68539325843,3556.27193258427
Juan Peralta Martínez,TRENQUE_LAUQUEN,SOJA,2022-10-14T00:00:00Z,,SYN_3970_CL,Mas 30%,densidad,2,48500,2542,7,0,3.5,55.9,0.8,0,,0,sana,0,sana,sana,no,5,32,34,108,7,148,42,4,0,2656.24719101124,3394.68391011236
Juan Peralta Martínez,TRENQUE_LAUQUEN,SOJA,2022-10-14T00:00:00Z,,SYN_3970_CL,Menos 30%,densidad,1,27000,2260,8,0,2.1,56,0.5,0,,0,sana,0,sana,sana,no,5,32,34,108,7,148,42,4,0,2336.1797752809,2990.31011235955
Juan Peralta Martínez,TRENQUE_LAUQUEN,SOJA,2022-10-14T00:00:00Z,,SYN_3970_CL,Menos 30%,densidad,2,26500,2220,8,0,2.1,56,0.5,0,,0,sana,0,sana,sana,no,5,32,34,108,7,148,42,4,0,2294.83146067416,2937.38426966292
Juan Peralta Martínez,TRENQUE_LAUQUEN,SOJA,2022-10-14T00:00:00Z,,ACA_216_CLDM,Estandar,genetica,1,36000,2502,8.9,0,12,50.1,0.5,0,,0,sana,0,sana,sana,no,5,32,34,108,7,148,42,4,0,2561.03595505618,2975.92377977528
Juan Peralta Martínez,TRENQUE_LAUQUEN,SOJA,2022-10-14T00:00:00Z,,ACA_216_CLDM,Estandar,genetica,2,38000,2341,8.9,0,10.1,55.4,0.8,0,,0,sana,0,sana,sana,no,5,32,34,108,7,148,42,4,0,2396.23707865169,3038.42861573034
Juan Peralta Martínez,TRENQUE_LAUQUEN,SOJA,2022-10-14T00:00:00Z,,CACIQUE_320_CL_G_2L,Estandar,genetica,1,39000,2744,7.1,0,10.5,49,0.7,0,,0,sana,0,sana,sana,no,5,32,34,108,7,148,42,4,0,2864.24269662921,3265.2366741573
Juan Peralta Martínez,TRENQUE_LAUQUEN,SOJA,2022-10-14T00:00:00Z,,CACIQUE_320_CL_G_2L,Estandar,genetica,2,38000,2098,7.1,0,5.9,53.1,0.8,0,,0,sana,0,sana,sana,no,5,32,34,108,7,148,42,4,0,2189.93483146067,2676.10036404494
Juan Peralta Martínez,TRENQUE_LAUQUEN,SOJA,2022-10-14T00:00:00Z,,CACIQUE_322_CL_G_2,Estandar,genetica,2,35500,2179,7.4,0,3.6,51.6,0.5,0,,0,sana,0,sana,sana,no,5,32,34,108,7,148,42,4,0,2267.1393258427,2702.43007640449
Juan Peralta Martínez,TRENQUE_LAUQUEN,SOJA,2022-10-14T00:00:00Z,,INSUN_211_CL,Estandar,genetica,1,38500,3067,10.4,0,5.9,53.1,0.8,0,,0,sana,0,sana,sana,no,5,32,34,108,7,148,42,4,0,3087.67640449438,3773.14056629213
Juan Peralta Martínez,TRENQUE_LAUQUEN,SOJA,2022-10-14T00:00:00Z,,INSUN_211_CL,Estandar,genetica,2,36000,2502,10.4,0,10.5,49,0.7,0,,0,sana,0,sana,sana,no,5,32,34,108,7,148,42,4,0,2518.86741573034,2871.50885393259
Juan Peralta Martínez,TRENQUE_LAUQUEN,SOJA,2022-10-14T00:00:00Z,,NK_3969_CL,Estandar,genetica,1,38000,2825,6.7,0,6.7,55.6,0.7,0,,0,sana,0,sana,sana,no,5,32,34,108,7,148,42,4,0,2961.48876404494,3767.01370786517
Juan Peralta Martínez,TRENQUE_LAUQUEN,SOJA,2022-10-14T00:00:00Z,,NK_3969_CL,Estandar,genetica,2,37000,2341,6.7,0,6,51.7,0.7,0,,0,sana,0,sana,sana,no,5,32,34,108,7,148,42,4,0,2454.10449438202,2930.20076629213
Juan Peralta Martínez,TRENQUE_LAUQUEN,SOJA,2022-10-14T00:00:00Z,,NS1113_CL,Estandar,genetica,1,40000,2663,7.1,0,3.3,55.5,0.8,0,,0,sana,0,sana,sana,no,5,32,34,108,7,148,42,4,0,2779.69325842697,3530.21043820225
Juan Peralta Martínez,TRENQUE_LAUQUEN,SOJA,2022-10-14T00:00:00Z,,NS1113_CL,Estandar,genetica,2,36500,2583,7.1,0,7.8,49.5,0.5,0,,0,sana,0,sana,sana,no,5,32,34,108,7,148,42,4,0,2696.18764044944,3100.61578651685
Juan Peralta Martínez,TRENQUE_LAUQUEN,SOJA,2022-10-14T00:00:00Z,,NUSOL_4145_CL,Estandar,genetica,1,38000,2744,7.1,0,3.6,51.6,0.5,0,,0,sana,0,sana,sana,no,5,32,34,108,7,148,42,4,0,2864.24269662921,3414.17729438202
Juan Peralta Martínez,TRENQUE_LAUQUEN,SOJA,2022-10-14T00:00:00Z,,NUSOL_4145_CL,Estandar,genetica,2,32000,2179,7.1,0,9.7,52.1,0.8,0,,0,sana,0,sana,sana,no,5,32,34,108,7,148,42,4,0,2274.48426966292,2733.93009213483
Juan Peralta Martínez,TRENQUE_LAUQUEN,SOJA,2022-10-14T00:00:00Z,,NUSOL_4180_CL_PLUS,Estandar,genetica,1,36000,2098,11.9,0,6.8,53.3,0.7,0,,0,sana,0,sana,sana,no,5,32,34,108,7,148,42,4,0,2076.78426966292,2546.13751460674
Juan Peralta Martínez,TRENQUE_LAUQUEN,SOJA,2022-10-14T00:00:00Z,,NUSOL_4180_CL_PLUS,Estandar,genetica,2,37000,2421,11.9,0,8.7,55.7,0.8,0,,0,sana,0,sana,sana,no,5,32,34,108,7,148,42,4,0,2396.51797752809,3053.16390337079
Juan Peralta Martínez,TRENQUE_LAUQUEN,SOJA,2022-10-14T00:00:00Z,,PARAISO_1800_CL_PLUS,Estandar,genetica,1,39000,2825,8.4,0,6,51.7,0.7,0,,0,sana,0,sana,sana,no,5,32,34,108,7,148,42,4,0,2907.52808988764,3471.58853932584
Juan Peralta Martínez,TRENQUE_LAUQUEN,SOJA,2022-10-14T00:00:00Z,,PARAISO_1800_CL_PLUS,Estandar,genetica,2,37000,2341,8.4,0,6.7,55.6,0.7,0,,0,sana,0,sana,sana,no,5,32,34,108,7,148,42,4,0,2409.38876404494,3064.74250786517
Juan Peralta Martínez,TRENQUE_LAUQUEN,SOJA,2022-10-14T00:00:00Z,,RAGT_4260_MAX-CL_G-2E,Estandar,genetica,1,38000,2825,7.3,0,7.8,49.5,0.5,0,,0,sana,0,sana,sana,no,5,32,34,108,7,148,42,4,0,2942.44382022472,3383.81039325843
Juan Peralta Martínez,TRENQUE_LAUQUEN,SOJA,2022-10-14T00:00:00Z,,RAGT_4260_MAX-CL_G-2E,Estandar,genetica,2,35000,2502,7.3,0,12,50.1,0.5,0,,0,sana,0,sana,sana,no,5,32,34,108,7,148,42,4,0,2606.01573033708,3028.19027865169
Juan Peralta Martínez,TRENQUE_LAUQUEN,SOJA,2022-10-14T00:00:00Z,,SYN_3970_CL,Estandar,genetica_densidad,1,39500,2663,8.1,0,10.1,55.4,0.8,0,,0,sana,0,sana,sana,no,5,32,34,108,7,148,42,4,0,2749.77191011236,3486.71078202247
Juan Peralta Martínez,TRENQUE_LAUQUEN,SOJA,2022-10-14T00:00:00Z,,SYN_3970_CL,Estandar,genetica_densidad,2,37000,2502,8.1,0,6,53.7,0.8,0,,0,sana,0,sana,sana,no,5,32,34,108,7,148,42,4,0,2583.52584269663,3188.07088988764
Juan Peralta Martínez,TRENQUE_LAUQUEN,SOJA,2022-10-14T00:00:00Z,,SYN_3975_CLHO,Estandar,genetica,1,38000,2744,7.6,0,6.3,56.8,0.8,0,,0,sana,0,sana,sana,no,5,32,34,108,7,148,42,4,0,2848.82696629214,3692.07974831461
Juan Peralta Martínez,TRENQUE_LAUQUEN,SOJA,2022-10-14T00:00:00Z,,SYN_3975_CLHO,Estandar,genetica,2,37000,2341,7.6,0,3.3,55.5,0.8,0,,0,sana,0,sana,sana,no,5,32,34,108,7,148,42,4,0,2430.43146067416,3086.64795505618
Juan Peralta Martínez,TRENQUE_LAUQUEN,SOJA,2022-10-14T00:00:00Z,,ZT_74L68_CL,Estandar,genetica,1,35000,2663,6.9,0,6,53.7,0.8,0,,0,sana,0,sana,sana,no,5,32,34,108,7,148,42,4,0,2785.67752808989,3437.52606966292
Juan Peralta Martínez,TRENQUE_LAUQUEN,SOJA,2022-10-14T00:00:00Z,,ZT_74L68_CL,Estandar,genetica,2,37500,2583,6.9,0,6.3,56.8,0.8,0,,0,sana,0,sana,sana,no,5,32,34,108,7,148,42,4,0,2701.99213483146,3501.78180674157
Juan Peralta Martínez,TRENQUE_LAUQUEN,SOJA,2022-10-14T00:00:00Z,,SYN_3970_CL,Estandar,genetica_densidad,2,36500,2421,7.9,0,6.8,53.3,0.7,0,,0,sana,0,sana,sana,no,5,32,34,108,7,148,42,4,0,2505.32696629214,3071.53086067416
Adrian Etcheto,TRES_ARROYOS_A_SAN_JOSE,TRIGO/SJ2,2022-10-31T00:00:00Z,,INSUN_211_CL,Mas 30%,densidad,1,74360,1948,13,0,4.6,50.3,0.6,0,,0,sana,1,baja,sana,no,15,9,36,85,19,86,68,166,60,1904.22471910112,2220.32602247191
Adrian Etcheto,TRES_ARROYOS_A_SAN_JOSE,TRIGO/SJ2,2022-10-31T00:00:00Z,,INSUN_211_CL,Mas 30%,densidad,2,79508,2412,12.4,0,4.4,49.2,0.6,0,,0,sana,1,baja,sana,no,15,9,36,85,19,86,68,166,60,2374.05842696629,2715.92284044944
Adrian Etcheto,TRES_ARROYOS_A_SAN_JOSE,TRIGO/SJ2,2022-10-31T00:00:00Z,,INSUN_211_CL,Menos 30%,densidad,1,44044,2134,16.9,0,4.4,49.2,0.6,0,,0,sana,1,baja,sana,no,15,9,36,85,19,86,68,166,60,1992.53258426966,2279.45727640449
Adrian Etcheto,TRES_ARROYOS_A_SAN_JOSE,TRIGO/SJ2,2022-10-31T00:00:00Z,,INSUN_211_CL,Menos 30%,densidad,2,52052,2226,13.6,0,4.6,50.3,0.6,0,,0,sana,1,baja,sana,no,15,9,36,85,19,86,68,166,60,2160.97078651685,2519.69193707865
Adrian Etcheto,TRES_ARROYOS_A_SAN_JOSE,TRIGO/SJ2,2022-10-31T00:00:00Z,,ACA_216_CLDM,Estandar,genetica,1,57772,2226,15.7,0,6.2,47.2,8.5,0,,0,sana,0,baja,sana,no,15,9,36,85,19,86,68,166,60,2108.44719101124,2327.72569887641
Adrian Etcheto,TRES_ARROYOS_A_SAN_JOSE,TRIGO/SJ2,2022-10-31T00:00:00Z,,ACA_216_CLDM,Estandar,genetica,2,58344,2134,16.2,0,6.2,47.2,8.5,0,,0,sana,0,baja,sana,no,15,9,36,85,19,86,68,166,60,2009.31685393258,2218.28580674157
Adrian Etcheto,TRES_ARROYOS_A_SAN_JOSE,TRIGO/SJ2,2022-10-31T00:00:00Z,,CACIQUE_322_CL_G_2,Estandar,genetica,1,54912,1855,9.9,0,4.2,48,0.8,0,,0,sana,2,baja,sana,si,15,9,36,85,19,86,68,166,60,1877.92696629214,2103.27820224719
Adrian Etcheto,TRES_ARROYOS_A_SAN_JOSE,TRIGO/SJ2,2022-10-31T00:00:00Z,,INSUN_211_CL,Estandar,genetica,2,57200,2319,13.5,0,5.7,49,0.7,0,,0,sana,1,baja,sana,no,15,9,36,85,19,86,68,166,60,2253.8595505618,2569.39988764045
Adrian Etcheto,TRES_ARROYOS_A_SAN_JOSE,TRIGO/SJ2,2022-10-31T00:00:00Z,,INSUN_211_CL,Estandar,genetica,2,57200,2319,13.5,0,5.7,49,0.7,0,,0,sana,1,baja,sana,no,15,9,36,85,19,86,68,166,60,2253.8595505618,2569.39988764045
Adrian Etcheto,TRES_ARROYOS_A_SAN_JOSE,TRIGO/SJ2,2022-10-31T00:00:00Z,,NK_3969_CL,Estandar,genetica,2,50336,1670,9.5,0,3.8,53.5,0.5,0,,0,sana,2,baja,sana,no,15,9,36,85,19,86,68,166,60,1698.14606741573,2088.71966292135
Adrian Etcheto,TRES_ARROYOS_A_SAN_JOSE,TRIGO/SJ2,2022-10-31T00:00:00Z,,NS1113_CL,Estandar,genetica,2,51480,2041,10.6,0,5.3,53,1.7,0,,0,sana,0,baja,sana,no,15,9,36,85,19,86,68,166,60,2050.17303370787,2501.2111011236
Adrian Etcheto,TRES_ARROYOS_A_SAN_JOSE,TRIGO/SJ2,2022-10-31T00:00:00Z,,NUSOL_4180_CL_PLUS,Estandar,genetica,1,61204,2412,14.8,0,4.5,48.9,0.5,0,,0,sana,1,baja,sana,no,15,9,36,85,19,86,68,166,60,2309.01573033708,2627.6599011236
Adrian Etcheto,TRES_ARROYOS_A_SAN_JOSE,TRIGO/SJ2,2022-10-31T00:00:00Z,,NUSOL_4180_CL_PLUS,Estandar,genetica,2,58344,2412,15.1,0,4.5,48.9,0.5,0,,0,sana,0,baja,sana,si,15,9,36,85,19,86,68,166,60,2300.88539325843,2618.40757752809
Adrian Etcheto,TRES_ARROYOS_A_SAN_JOSE,TRIGO/SJ2,2022-10-31T00:00:00Z,,PARAISO_1800_CL_PLUS,Estandar,genetica,1,54340,2226,11.3,0,4.2,47.8,0.6,0,,0,sana,2,baja,sana,si,15,9,36,85,19,86,68,166,60,2218.49662921348,2475.84223820225
Adrian Etcheto,TRES_ARROYOS_A_SAN_JOSE,TRIGO/SJ2,2022-10-31T00:00:00Z,,RAGT_4260_MAX-CL_G-2E,Estandar,genetica,1,60060,1948,10.5,0,2.5,46.2,0.8,0,,0,sana,3,baja,sana,si,15,9,36,85,19,86,68,166,60,1958.94382022472,2123.4951011236
Adrian Etcheto,TRES_ARROYOS_A_SAN_JOSE,TRIGO/SJ2,2022-10-31T00:00:00Z,,SYN_3970_CL,Estandar,genetica,1,53196,2319,10.6,0,3.7,52.7,0.6,0,,0,sana,1,baja,sana,no,15,9,36,85,19,86,68,166,60,2329.42247191011,2827.91888089888
Adrian Etcheto,TRES_ARROYOS_A_SAN_JOSE,TRIGO/SJ2,2022-10-31T00:00:00Z,,SYN_3970_CL,Estandar,genetica,2,54340,2319,11.2,0,3.7,52.7,0.6,0,,0,sana,1,baja,sana,no,15,9,36,85,19,86,68,166,60,2313.78876404494,2808.93955955056
Adrian Etcheto,TRES_ARROYOS_A_SAN_JOSE,TRIGO/SJ2,2022-10-31T00:00:00Z,,SYN_3975_CLHO,Estandar,genetica,1,54912,2134,10.5,0,3.3,53.7,0.7,0,,0,sana,1,baja,sana,no,15,9,36,85,19,86,68,166,60,2145.98876404494,2648.15013483146
Adrian Etcheto,TRES_ARROYOS_A_SAN_JOSE,TRIGO/SJ2,2022-10-31T00:00:00Z,,SYN_3975_CLHO,Estandar,genetica,2,49764,2319,11.8,0,3.3,53.7,0.7,0,,0,sana,1,baja,sana,no,15,9,36,85,19,86,68,166,60,2298.15505617978,2835.92333932584
Adrian Etcheto,TRES_ARROYOS_A_SAN_JOSE,TRIGO/SJ2,2022-10-31T00:00:00Z,,INSUN_211_CL,Estandar,genetica_densidad,1,58916,1948,12.9,0,5.7,49,0.7,0,,0,sana,1,baja,sana,no,15,9,36,85,19,86,68,166,60,1906.41348314607,2173.31137078652
Adrian Etcheto,TRES_ARROYOS_A_SAN_JOSE,TRIGO/SJ2,2022-10-31T00:00:00Z,,INSUN_211_CL,Estandar,genetica_densidad,1,58916,1948,12.9,0,5.7,49,0.7,0,,0,sana,1,baja,sana,no,15,9,36,85,19,86,68,166,60,1906.41348314607,2173.31137078652
Adrian Etcheto,TRES_ARROYOS_A_SAN_JOSE,TRIGO/SJ2,2022-10-31T00:00:00Z,,PARAISO_1800_CL_PLUS,Estandar,genetica,2,49192,2041,11.3,0,4.2,47.8,0.6,1,baja,0,sana,1,baja,sana,si,15,9,36,85,19,86,68,166,60,2034.1202247191,2270.07817078652
Adrian Etcheto,TRES_ARROYOS_A_SAN_JOSE,TRIGO/SJ2,2022-10-31T00:00:00Z,,RAGT_4260_MAX-CL_G-2E,Estandar,genetica,2,52052,1855,9,0,2.5,46.2,0.8,1,baja,0,sana,2,baja,sana,si,15,9,36,85,19,86,68,166,60,1896.68539325843,2056.00696629214
Segundo Paez,TANDIL,MAIZ,2022-11-04T00:00:00Z,,PARAISO_1800_CL_PLUS,Estandar,genetica,1,57500,2073,9.1,0,2.4,49.3,0.6,2,media,0,sana,2,baja,sana,no,40,10,105,70,85,80,80,0,0,2117.25505617978,2426.37429438202
Adrian Etcheto,TRES_ARROYOS_A_SAN_JOSE,TRIGO/SJ2,2022-10-31T00:00:00Z,,NUSOL_4145_CL,Estandar,genetica,2,53196,1855,10.9,0,4.9,47.9,0.7,4,baja,0,sana,1,baja,sana,si,15,9,36,85,19,86,68,166,60,1857.08426966292,2076.22021348315
Julian Valdez,NECOCHEA,MAIZ,2023-10-24T00:00:00Z,2023-03-12T00:00:00Z,SYN_3970_CL,Mas 30%,densidad,2,73260,2320,5.8,0,4.3,51.8,0.5,3.33,baja,3.33,baja,2.5,media,sana,no,38,1,30,69,30,53,103,38,0,2455.55056179775,2936.83847191011
Julian Valdez,NECOCHEA,MAIZ,2023-10-24T00:00:00Z,2023-03-12T00:00:00Z,SYN_3970_CL,Menos 30%,densidad,2,45179,2640,6,0,5.2,52.2,0.7,10,baja,3.33,baja,2,media,sana,no,38,1,30,69,30,53,103,38,0,2788.31460674157,3357.13078651685
Adrian Etcheto,TRES_ARROYOS_A_SAN_JOSE,TRIGO/SJ2,2022-10-31T00:00:00Z,,CACIQUE_322_CL_G_2,Estandar,genetica,2,61204,1763,11.2,0,4.2,48,0.8,3,baja,1,baja,1,baja,sana,si,15,9,36,85,19,86,68,166,60,1759.03820224719,1970.12278651685
Federico Comisso,GUAMINI,MAIZ,2022-11-01T00:00:00Z,2023-03-17T00:00:00Z,INSUN_211_CL,Estandar,genetica,1,31000,2182,8.3,0,12,49.1,0.5,0,,2,baja,0,sana,sana,no,4,16,119,71,0,166,58,45,0,2248.19550561798,2567.43926741573
Federico Comisso,GUAMINI,MAIZ,2022-11-01T00:00:00Z,2023-03-17T00:00:00Z,NK_3969_CL,Estandar,genetica,2,32000,2333,9,0,8.7,53.5,0.8,0,,2,baja,0,baja,sana,no,4,16,119,71,0,166,58,45,0,2385.42696629214,2934.07516853933
Federico Comisso,GUAMINI,MAIZ,2022-11-01T00:00:00Z,2023-03-17T00:00:00Z,NS1113_CL,Estandar,genetica,1,31000,2455,8.5,0,8.7,53.3,0.8,0,,2,baja,0,baja,sana,si,4,16,119,71,0,166,58,45,0,2523.9606741573,3094.37578651685
Federico Comisso,GUAMINI,MAIZ,2022-11-01T00:00:00Z,2023-03-17T00:00:00Z,NUSOL_4180_CL_PLUS,Estandar,genetica,1,35000,2182,8.1,0,7.3,47.1,0.7,0,,2,baja,0,sana,sana,no,4,16,119,71,0,166,58,45,0,2253.0988764045,2482.91496179775
Federico Comisso,GUAMINI,MAIZ,2022-11-01T00:00:00Z,2023-03-17T00:00:00Z,RAGT_4260_MAX-CL_G-2E,Estandar,genetica,2,35000,2250,8.8,0,8.7,44.6,0.6,0,,2,baja,1,sana,sana,no,4,16,119,71,0,166,58,45,0,2305.61797752809,2425.51011235955
Federico Comisso,GUAMINI,MAIZ,2022-11-01T00:00:00Z,2023-03-17T00:00:00Z,SYN_3970_CL,Estandar,genetica,2,28000,1917,9,0,7.5,52.3,0.7,0,,2,baja,0,baja,sana,no,4,16,119,71,0,166,58,45,0,1960.07865168539,2363.85485393258
Federico Comisso,GUAMINI,MAIZ,2022-11-01T00:00:00Z,2023-03-17T00:00:00Z,SYN_3975_CLHO,Estandar,genetica,2,34000,2167,8.9,0,10.2,52.6,0.6,0,,2,baja,0,sana,sana,no,4,16,119,71,0,166,58,45,0,2218.13146067416,2688.37533033708
Segundo Paez,TANDIL,MAIZ,2022-11-04T00:00:00Z,,NK_3969_CL,Estandar,genetica,1,58000,2261,8.3,4640,3.7,53.8,0.8,2,media,2,media,1,media,sana,no,40,10,105,70,85,80,80,0,0,2329.59213483146,2879.37587865169
Adrian Etcheto,TRES_ARROYOS_A_SAN_JOSE,TRIGO/SJ2,2022-10-31T00:00:00Z,,CACIQUE_320_CL_G_2L,Estandar,genetica,2,54912,1855,9.2,0,5.5,44.2,0.7,3,baja,2,baja,2,media,sana,si,15,9,36,85,19,86,68,166,60,1892.51685393258,1975.78759550562
Federico Comisso,GUAMINI,MAIZ,2022-11-01T00:00:00Z,2023-03-17T00:00:00Z,RAGT_CABILDO_CL,25mil,genetica,2,23000,2000,8.5,0,9.5,47.3,0.8,0,,3,media,0,sana,sana,no,4,16,119,71,0,166,58,45,0,2056.1797752809,2274.13483146067
Federico Comisso,GUAMINI,MAIZ,2022-11-01T00:00:00Z,2023-03-17T00:00:00Z,RAGT_CABILDO_CL,45mil,genetica,2,40000,2130,8.7,0,3.1,50.1,0.5,0,,3,baja,0,sana,sana,no,4,16,119,71,0,166,58,45,0,2185.04494382023,2539.0222247191
Segundo Paez,TANDIL,MAIZ,2022-11-04T00:00:00Z,,NUSOL_4145_CL,Estandar,genetica,1,58000,2108,8.8,0,3,48.8,0.7,0,sana,3,media,2,media,sana,no,40,10,105,70,85,80,80,0,0,2160.10786516854,2453.88253483146
Adrian Etcheto,TRES_ARROYOS_A_SAN_JOSE,TRIGO/SJ2,2022-10-31T00:00:00Z,,NK_3969_CL,Estandar,genetica,1,61776,1484,9.4,0,3.8,53.5,0.5,0,,3,baja,1,media,sana,no,15,9,36,85,19,86,68,166,60,1510.67865168539,1858.13474157303
Adrian Etcheto,TRES_ARROYOS_A_SAN_JOSE,TRIGO/SJ2,2022-10-31T00:00:00Z,,NS1113_CL,Estandar,genetica,1,58344,2134,9.9,0,5.3,53,1.7,0,,3,baja,2,media,sana,si,15,9,36,85,19,86,68,166,60,2160.37528089888,2635.65784269663
Julian Valdez,NECOCHEA,MAIZ,2023-10-24T00:00:00Z,2023-03-12T00:00:00Z,SYN_3970_CL,Menos 30%,densidad,1,47858,2640,5.9,0,5.2,52.2,0.7,10,baja,6.67,baja,1,baja,sana,no,38,1,30,69,30,53,103,38,0,2791.2808988764,3360.70220224719
Julian Valdez,NECOCHEA,MAIZ,2023-10-24T00:00:00Z,2023-03-12T00:00:00Z,INSUN_211_CL,Estandar,genetica,1,58789,2836,5.7,0,4,50,0.5,0,sana,0,sana,2,baja,sana,no,38,1,30,69,30,53,103,38,0,3004.88539325843,3485.66705617978
Julian Valdez,NECOCHEA,MAIZ,2023-10-24T00:00:00Z,2023-03-12T00:00:00Z,NUSOL_4180_CL_PLUS,Estandar,genetica,1,60277,2545,6.2,1206,3.2,48.9,0.6,13.33,baja,0,sana,1,baja,sana,no,38,1,30,69,30,53,103,38,0,2682.25842696629,3052.41008988764
Julian Valdez,NECOCHEA,MAIZ,2023-10-24T00:00:00Z,2023-03-12T00:00:00Z,SYN_3970_CL,Estandar,genetica,1,60125,2635,5.9,1203,4.4,52.5,0.8,6.67,baja,3.33,baja,1,media,sana,no,38,1,30,69,30,53,103,38,0,2785.99438202247,3371.05320224719
Julian Valdez,NECOCHEA,MAIZ,2023-10-24T00:00:00Z,2023-03-12T00:00:00Z,SYN_3970_CL,Estandar,genetica,2,60894,2577,5.9,0,4.4,52.5,0.8,10,media,3.33,baja,2,media,sana,no,38,1,30,69,30,53,103,38,0,2724.67078651685,3296.85165168539
Federico Comisso,GUAMINI,MAIZ,2022-11-01T00:00:00Z,2023-03-17T00:00:00Z,ACA_216_CLDM,Estandar,genetica,1,35000,2364,8.3,0,5.2,44.4,0.8,0,,4,baja,0,baja,sana,no,4,16,119,71,0,166,58,45,0,2435.71685393258,2552.63126292135
Federico Comisso,GUAMINI,MAIZ,2022-11-01T00:00:00Z,2023-03-17T00:00:00Z,PARAISO_1800_CL_PLUS,Estandar,genetica,2,28000,2000,9,0,8.9,45.8,0.7,0,,4,baja,0,sana,sana,no,4,16,119,71,0,166,58,45,0,2044.94382022472,2200.3595505618
Federico Comisso,GUAMINI,MAIZ,2022-11-01T00:00:00Z,2023-03-17T00:00:00Z,RAGT_CABILDO_CL,Estandar,genetica,1,29000,2364,8.3,0,7,49.5,0.7,0,,4,baja,0,sana,sana,no,4,16,119,71,0,166,58,45,0,2435.71685393258,2801.07438202247
Federico Comisso,GUAMINI,MAIZ,2022-11-01T00:00:00Z,2023-03-17T00:00:00Z,SYN_3970_CL,Estandar,genetica,1,31000,2545,8.6,0,7.5,52.3,0.7,0,,4,baja,0,sana,sana,no,4,16,119,71,0,166,58,45,0,2613.62921348315,3152.03683146067
Hugo Gonzalez,MDP,CEBADA/SOJA_2DA,2023-10-07T00:00:00Z,2023-02-27T00:00:00Z,NS1113_CL,Estandar,genetica,1,58000,2990,7.5,0,3.7,54.6,1.5,0,,4,baja,1,baja,sana,no,0,0,43,164,61,35,142,0,0,3107.58426966292,3890.69550561798
Segundo Paez,TANDIL,MAIZ,2022-11-04T00:00:00Z,,RAGT_4260_MAX-CL_G-2E,Estandar,genetica,1,58200,2230,8.2,4656,3.2,47.3,0.8,0,sana,4,media,3,media,sana,no,40,10,105,70,85,80,80,0,0,2300.15730337079,2543.97397752809
Adrian Etcheto,TRES_ARROYOS_A_SAN_JOSE,TRIGO/SJ2,2022-10-31T00:00:00Z,,NUSOL_4145_CL,Estandar,genetica,1,49192,2041,10.5,0,4.9,47.9,0.7,0,,4,baja,2,media,sana,si,15,9,36,85,19,86,68,166,60,2052.46629213483,2294.65731460674
Adrian Etcheto,TRES_ARROYOS_A_SAN_JOSE,TRIGO/SJ2,2022-10-31T00:00:00Z,,CACIQUE_320_CL_G_2L,Estandar,genetica,1,48620,2041,10.7,0,5.5,44.2,0.7,1,baja,4,baja,2,baja,sana,si,15,9,36,85,19,86,68,166,60,2047.8797752809,2137.98648539326
Federico Comisso,GUAMINI,MAIZ,2022-11-01T00:00:00Z,2023-03-17T00:00:00Z,RAGT_CABILDO_CL,Estandar - 35mil,genetica,2,30000,2174,8.5,0,4.4,48.5,0.7,0,,5,baja,0,sana,sana,no,4,16,119,71,0,166,58,45,0,2235.06741573034,2525.62617977528
Federico Comisso,GUAMINI,MAIZ,2022-11-01T00:00:00Z,2023-03-17T00:00:00Z,RAGT_CABILDO_CL,Estandar,genetica,2,34000,2000,8.7,0,7,49.5,0.7,0,,5,baja,0,sana,sana,no,4,16,119,71,0,166,58,45,0,2051.68539325843,2359.43820224719
Adrian Etcheto,TRES_ARROYOS_A_SAN_JOSE,TRIGO/SJ2,2022-10-31T00:00:00Z,,ZT_74L68_CL,Estandar,genetica,2,49764,1484,9.8,0,4.7,48.3,0.5,0,,5,baja,0,baja,sana,no,15,9,36,85,19,86,68,166,60,1504.00898876404,1693.51412134831
Federico Comisso,GUAMINI,MAIZ,2022-11-01T00:00:00Z,2023-03-17T00:00:00Z,ACA_216_CLDM,Estandar,genetica,2,32000,2167,8.8,0,5.2,44.4,0.8,0,,6,baja,0,sana,sana,no,4,16,119,71,0,166,58,45,0,2220.56629213483,2327.1534741573
Federico Comisso,GUAMINI,MAIZ,2022-11-01T00:00:00Z,2023-03-17T00:00:00Z,NUSOL_4180_CL_PLUS,Estandar,genetica,2,34000,2083,8.8,0,7.3,47.1,0.7,0,,6,baja,0,baja,sana,no,4,16,119,71,0,166,58,45,0,2134.48988764045,2352.20785617978
Federico Comisso,GUAMINI,MAIZ,2022-11-01T00:00:00Z,2023-03-17T00:00:00Z,PARAISO_1800_CL_PLUS,Estandar,genetica,1,30000,2273,8,0,8.9,45.8,0.7,0,,6,baja,0,sana,sana,no,4,16,119,71,0,166,58,45,0,2349.61797752809,2528.18894382022
Federico Comisso,GUAMINI,MAIZ,2022-11-01T00:00:00Z,2023-03-17T00:00:00Z,RAGT_4260_MAX-CL_G-2E,Estandar,genetica,1,29000,2636,8.3,0,8.7,44.6,0.6,0,,6,baja,1,sana,sana,no,4,16,119,71,0,166,58,45,0,2715.96853932584,2857.19890337079
Julian Valdez,NECOCHEA,MAIZ,2023-10-24T00:00:00Z,2023-03-12T00:00:00Z,RAGT_4260_MAX-CL_G-2E,Estandar,genetica,1,58072,2582,5.6,0,5.1,45.4,0.7,0,sana,6.67,baja,3,media,sana,no,38,1,30,69,30,53,103,38,0,2738.6606741573,2924.8896
Julian Valdez,NECOCHEA,MAIZ,2023-10-24T00:00:00Z,2023-03-12T00:00:00Z,SYN_3975_CLHO,Estandar,genetica,1,58789,2333,6.2,1176,3.1,54.2,0.6,3.33,alta,6.67,media,1,baja,sana,no,38,1,30,69,30,53,103,38,0,2458.82471910112,3058.7779505618
Julian Valdez,NECOCHEA,MAIZ,2023-10-24T00:00:00Z,2023-03-12T00:00:00Z,NS1113_CL,Estandar,genetica,1,58357,2545,5.8,0,10.4,53.3,0.8,10,media,6.67,baja,2,media,sana,no,38,1,30,69,30,53,103,38,0,2693.69662921348,3302.47206741573
Julian Valdez,NECOCHEA,MAIZ,2023-10-24T00:00:00Z,2023-03-12T00:00:00Z,SYN_3975_CLHO,Estandar,genetica,2,56488,2453,6.1,0,3.1,54.2,0.6,16.67,media,6.67,media,1,media,sana,no,38,1,30,69,30,53,103,38,0,2588.05280898876,3219.53769438202
Julian Valdez,NECOCHEA,MAIZ,2023-10-24T00:00:00Z,2023-03-12T00:00:00Z,ACA_216_CLDM,Estandar,genetica,1,61523,2555,6.2,0,4.4,49.1,0.5,0,sana,10,baja,2,baja,sana,no,38,1,30,69,30,53,103,38,0,2692.79775280899,3075.17503370786
Julian Valdez,NECOCHEA,MAIZ,2023-10-24T00:00:00Z,2023-03-12T00:00:00Z,NK_3969_CL,Estandar,genetica,2,62166,2457,5.9,0,8,53.5,0.8,3.33,media,10,media,2,media,sana,no,38,1,30,69,30,53,103,38,0,2597.79438202247,3195.28708988764
Federico Comisso,GUAMINI,MAIZ,2022-11-01T00:00:00Z,2023-03-17T00:00:00Z,RAGT_CABILDO_CL,Estandar - 35mil,genetica,1,30000,2286,8.3,0,4.4,48.5,0.7,0,,8,baja,0,baja,sana,no,4,16,119,71,0,166,58,45,0,2355.35056179775,2661.54613483146
Federico Comisso,GUAMINI,MAIZ,2022-11-01T00:00:00Z,2023-03-17T00:00:00Z,RAGT_CABILDO_CL,45mil,genetica,1,40000,2524,8.3,0,3.1,50.1,0.5,0,,8,baja,0,baja,sana,no,4,16,119,71,0,166,58,45,0,2600.57078651685,3021.86325393258
Federico Comisso,GUAMINI,MAIZ,2022-11-01T00:00:00Z,2023-03-17T00:00:00Z,NS1113_CL,Estandar,genetica,2,28000,2167,8.9,0,8.7,53.3,0.8,0,,8,baja,0,baja,sana,no,4,16,119,71,0,166,58,45,0,2218.13146067416,2719.42917078652
Hugo Gonzalez,MDP,CEBADA/SOJA_2DA,2023-10-07T00:00:00Z,2023-02-27T00:00:00Z,ACA_216_CLDM,Estandar,genetica,2,59000,3199,7,0,4.9,52.2,0.8,0,,8,baja,1,baja,sana,no,0,0,43,164,61,35,142,0,0,3342.77528089888,4024.70143820225
Hugo Gonzalez,MDP,CEBADA/SOJA_2DA,2023-10-07T00:00:00Z,2023-02-27T00:00:00Z,NK_3969_CL,Estandar,genetica,2,61000,3100,7.1,0,10,55.5,1.5,0,,8,baja,1,baja,sana,no,0,0,43,164,61,35,142,0,0,3235.84269662921,4109.5202247191
Hugo Gonzalez,MDP,CEBADA/SOJA_2DA,2023-10-07T00:00:00Z,2023-02-27T00:00:00Z,RAGT_4260_MAX-CL_G-2E,Estandar,genetica,2,61000,3125,7,0,10.9,43.7,0.8,0,,8,baja,0,sana,sana,no,0,0,43,164,61,35,142,0,0,3265.44943820225,3376.47471910112
Hugo Gonzalez,MDP,CEBADA/SOJA_2DA,2023-10-07T00:00:00Z,2023-02-27T00:00:00Z,SYN_3970_CL,Estandar,genetica,2,62000,3200,7.1,0,11.5,53.4,0.5,0,,8,baja,1,baja,sana,no,0,0,43,164,61,35,142,0,0,3340.22471910112,4101.79595505618
Hugo Gonzalez,MDP,CEBADA/SOJA_2DA,2023-10-07T00:00:00Z,2023-02-27T00:00:00Z,ZT_74L68_CL,Estandar,genetica,1,59000,2980,7.3,0,10.9,53.5,0.5,0,,8,baja,1,baja,sana,no,0,0,43,164,61,35,142,0,0,3103.88764044944,3817.78179775281
Adrian Etcheto,TRES_ARROYOS_A_SAN_JOSE,TRIGO/SJ2,2022-10-31T00:00:00Z,,ZT_74L68_CL,Estandar,genetica,1,48620,2041,9.5,0,4.7,48.3,0.5,0,,9,baja,1,baja,sana,si,15,9,36,85,19,86,68,166,60,2075.39887640449,2336.89913483146
Federico Comisso,GUAMINI,MAIZ,2022-11-01T00:00:00Z,2023-03-17T00:00:00Z,RAGT_CABILDO_CL,25mil,genetica,1,20000,1857,8.3,0,9.5,47.3,0.8,0,,10,baja,0,sana,sana,no,4,16,119,71,0,166,58,45,0,1913.33595505618,2116.14956629213
Federico Comisso,GUAMINI,MAIZ,2022-11-01T00:00:00Z,2023-03-17T00:00:00Z,CACIQUE_320_CL_G_2L,Estandar,genetica,1,27000,2273,8.2,0,5.4,44.2,0.7,0,,10,baja,0,sana,sana,no,4,16,119,71,0,166,58,45,0,2344.51011235955,2447.66855730337
Julian Valdez,NECOCHEA,MAIZ,2023-10-24T00:00:00Z,2023-03-12T00:00:00Z,INSUN_211_CL,Estandar,genetica,2,57580,2740,5.8,0,4,50,0.5,3.33,baja,13.33,baja,2,baja,sana,no,38,1,30,69,30,53,103,38,0,2900.08988764045,3364.10426966292
Julian Valdez,NECOCHEA,MAIZ,2023-10-24T00:00:00Z,2023-03-12T00:00:00Z,NK_3969_CL,Estandar,genetica,1,58357,2531,5.9,0,8,53.5,0.8,6.67,alta,13.33,media,1,media,sana,no,38,1,30,69,30,53,103,38,0,2676.03483146067,3291.52284269663
Hugo Gonzalez,MDP,CEBADA/SOJA_2DA,2023-10-07T00:00:00Z,2023-02-27T00:00:00Z,CACIQUE_320_CL_G_2L,Estandar,genetica,2,59000,2800,7,0,15.7,48.2,0.5,0,,12,baja,2,baja,sana,no,0,0,43,164,61,35,142,0,0,2925.84269662921,3288.64719101124
Hugo Gonzalez,MDP,CEBADA/SOJA_2DA,2023-10-07T00:00:00Z,2023-02-27T00:00:00Z,INSUN_211_CL,Estandar,genetica,2,60000,3290,7,0,8.5,49.1,0.7,0,,12,baja,1,baja,sana,no,0,0,43,164,61,35,142,0,0,3437.86516853933,3926.04202247191
Hugo Gonzalez,MDP,CEBADA/SOJA_2DA,2023-10-07T00:00:00Z,2023-02-27T00:00:00Z,PARAISO_1800_CL_PLUS,Estandar,genetica,1,61000,3200,7.3,0,5.6,51.8,0.7,0,,12,baja,0,baja,sana,no,0,0,43,164,61,35,142,0,0,3333.03370786517,3986.30831460674
Julian Valdez,NECOCHEA,MAIZ,2023-10-24T00:00:00Z,2023-03-12T00:00:00Z,NUSOL_4180_CL_PLUS,Estandar,genetica,2,59301,2570,6.2,0,3.2,48.9,0.6,6.67,baja,13.33,baja,1,baja,sana,no,38,1,30,69,30,53,103,38,0,2708.60674157303,3082.39447191011
Julian Valdez,NECOCHEA,MAIZ,2023-10-24T00:00:00Z,2023-03-12T00:00:00Z,PARAISO_1800_CL_PLUS,Estandar,genetica,1,59228,2565,5.7,1185,10.5,48.6,0.5,53.33,alta,13.33,baja,3,baja,sana,no,38,1,30,69,30,53,103,38,0,2717.74719101124,3076.48982022472
Julian Valdez,NECOCHEA,MAIZ,2023-10-24T00:00:00Z,2023-03-12T00:00:00Z,ACA_216_CLDM,Estandar,genetica,2,60430,2290,6,0,4.4,49.1,0.5,6.67,alta,16.67,media,2,baja,sana,no,38,1,30,69,30,53,103,38,0,2418.65168539326,2762.1002247191
Julian Valdez,NECOCHEA,MAIZ,2023-10-24T00:00:00Z,2023-03-12T00:00:00Z,CACIQUE_322_CL_G_2,Estandar,genetica,1,61050,2415,5.8,1221,3.8,49,0.8,13.33,media,16.67,media,3,media,sana,no,38,1,30,69,30,53,103,38,0,2556.10112359551,2913.95528089888
Federico Comisso,GUAMINI,MAIZ,2022-11-01T00:00:00Z,2023-03-17T00:00:00Z,CACIQUE_322_CL_G_2,Estandar,genetica,2,29000,1917,8.8,0,9,47.7,0.7,0,,14,baja,1,sana,sana,no,4,16,119,71,0,166,58,45,0,1964.38651685393,2188.32657977528
Federico Comisso,GUAMINI,MAIZ,2022-11-01T00:00:00Z,2023-03-17T00:00:00Z,ZT_74L68_CL,Estandar,genetica,1,35000,2182,8.4,0,8.3,46.9,0.5,0,,16,baja,0,baja,sana,no,4,16,119,71,0,166,58,45,0,2245.74382022472,2465.82671460674
Hugo Gonzalez,MDP,CEBADA/SOJA_2DA,2023-10-07T00:00:00Z,2023-02-27T00:00:00Z,ADV_5407_CL,Estandar,densidad,1,62000,2400,7.2,0,6.9,47.7,0.5,0,,16,media,1,baja,sana,no,0,0,43,164,61,35,142,0,0,2502.47191011236,2787.75370786517
Julian Valdez,NECOCHEA,MAIZ,2023-10-24T00:00:00Z,2023-03-12T00:00:00Z,NS1113_CL,Estandar,genetica,2,59228,2441,5.9,0,10.4,53.3,0.8,13.33,media,16.67,baja,2,media,sana,no,38,1,30,69,30,53,103,38,0,2580.87752808989,3164.1558494382
Julian Valdez,NECOCHEA,MAIZ,2023-10-24T00:00:00Z,2023-03-12T00:00:00Z,NUSOL_4145_CL,Estandar,genetica,1,58644,2371,5.8,1173,6.8,47,0.5,16.67,alta,16.67,media,2,baja,sana,no,38,1,30,69,30,53,103,38,0,2509.53033707865,2760.48337078652
Julian Valdez,NECOCHEA,MAIZ,2023-10-24T00:00:00Z,2023-03-12T00:00:00Z,RAGT_4260_MAX-CL_G-2E,Estandar,genetica,2,60816,2392,5.7,0,5.1,45.4,0.7,30,alta,16.67,media,3,media,sana,no,38,1,30,69,30,53,103,38,0,2534.44494382023,2706.7872
Julian Valdez,NECOCHEA,MAIZ,2023-10-24T00:00:00Z,2023-03-12T00:00:00Z,CACIQUE_322_CL_G_2,Estandar,genetica,2,60049,2377,5.8,0,3.8,49,0.8,23.33,alta,23.33,media,3,media,sana,no,38,1,30,69,30,53,103,38,0,2515.8808988764,2868.1042247191
Julian Valdez,NECOCHEA,MAIZ,2023-10-24T00:00:00Z,2023-03-12T00:00:00Z,NUSOL_4145_CL,Estandar,genetica,2,60125,2355,5.7,0,6.8,47,0.5,23.33,media,23.33,baja,2,baja,sana,no,38,1,30,69,30,53,103,38,0,2495.24157303371,2744.76573033708
Federico Comisso,GUAMINI,MAIZ,2022-11-01T00:00:00Z,2023-03-17T00:00:00Z,CACIQUE_320_CL_G_2L,Estandar,genetica,2,33000,1833,8.8,0,5.4,44.2,0.7,0,,18,baja,0,sana,sana,no,4,16,119,71,0,166,58,45,0,1878.31011235955,1960.95575730337
Federico Comisso,GUAMINI,MAIZ,2022-11-01T00:00:00Z,2023-03-17T00:00:00Z,ZT_74L68_CL,Estandar,genetica,2,30000,1833,9,0,8.3,46.9,0.5,0,,18,baja,0,baja,sana,si,4,16,119,71,0,166,58,45,0,1874.19101123596,2057.86173033708
Tomás Ibarrolaza,CHASCOMUS,MAIZ_TARDIO,2022-12-03T00:00:00Z,2023-04-01T00:00:00Z,ZT_74L68_CL,Estandar,genetica,1,51400,2571,17,514,14.3,51,0.7,,,20,media,,,,,0,0,14,22,30,52,27,94,41,2397.67415730337,2829.25550561798
Federico Comisso,GUAMINI,MAIZ,2022-11-01T00:00:00Z,2023-03-17T00:00:00Z,CACIQUE_322_CL_G_2,Estandar,genetica,1,31000,1909,8.2,0,9,47.7,0.7,0,,20,baja,0,sana,sana,si,4,16,119,71,0,166,58,45,0,1969.05842696629,2193.53108764045
Hugo Gonzalez,MDP,CEBADA/SOJA_2DA,2023-10-07T00:00:00Z,2023-02-27T00:00:00Z,ADV_5407_CL,Menos 30%,densidad,2,44000,2860,6.9,0,4.6,52.3,0.6,0,,20,baja,2,baja,sana,no,0,0,43,164,61,35,142,0,0,2991.75280898876,3608.05388764045
Hugo Gonzalez,MDP,CEBADA/SOJA_2DA,2023-10-07T00:00:00Z,2023-02-27T00:00:00Z,CACIQUE_322_CL_G_2,Estandar,genetica,2,63000,2659,7,0,7.1,49.6,0.8,0,,20,media,1,sana,sana,no,0,0,43,164,61,35,142,0,0,2778.50561797753,3200.83847191011
Hugo Gonzalez,MDP,CEBADA/SOJA_2DA,2023-10-07T00:00:00Z,2023-02-27T00:00:00Z,INSUN_211_CL,Estandar,genetica,1,60000,2940,7.2,0,8.2,45.8,0.6,0,,20,baja,1,baja,sana,no,0,0,43,164,61,35,142,0,0,3065.52808988764,3298.5082247191
Julian Valdez,NECOCHEA,MAIZ,2023-10-24T00:00:00Z,2023-03-12T00:00:00Z,CACIQUE_320_CL_G_2L,Estandar,genetica,2,56488,2229,5.8,1130,4.1,44.2,0.6,36.67,alta,30,media,3,media,sana,no,38,1,30,69,30,53,103,38,0,2359.23370786517,2463.03999101124
Julian Valdez,NECOCHEA,MAIZ,2023-10-24T00:00:00Z,2023-03-12T00:00:00Z,PARAISO_1800_CL_PLUS,Estandar,genetica,2,59974,2502,5.8,1199,10.5,48.6,0.5,40,alta,30,media,3,media,sana,no,38,1,30,69,30,53,103,38,0,2648.18426966292,2997.74459325843
Hugo Gonzalez,MDP,CEBADA/SOJA_2DA,2023-10-07T00:00:00Z,2023-02-27T00:00:00Z,ADV_5407_CL,Mas 30%,densidad,2,73000,2542,6.9,0,4.7,51.2,0.5,0,,28,baja,,baja,sana,no,0,0,43,164,61,35,142,0,0,2659.10337078652,3148.37839101124
Hugo Gonzalez,MDP,CEBADA/SOJA_2DA,2023-10-07T00:00:00Z,2023-02-27T00:00:00Z,ADV_5407_CL,Menos 30%,densidad,1,45000,2880,7.2,0,4.6,52.3,0.6,0,,28,baja,2,baja,sana,no,0,0,43,164,61,35,142,0,0,3002.96629213483,3621.57734831461
Hugo Gonzalez,MDP,CEBADA/SOJA_2DA,2023-10-07T00:00:00Z,2023-02-27T00:00:00Z,SYN_3970_CL,Estandar,genetica,1,59000,2850,9.1,0,11.5,53.4,0.5,0,,28,baja,2,baja,sana,no,0,0,43,164,61,35,142,0,0,2910.84269662921,3574.51483146067
Hugo Gonzalez,MDP,CEBADA/SOJA_2DA,2023-10-07T00:00:00Z,2023-02-27T00:00:00Z,SYN_3975_CLHO,Estandar,genetica,1,60000,3200,7.4,0,10,49.5,0.7,0,,28,baja,2,baja,sana,no,0,0,43,164,61,35,142,0,0,3329.43820224719,3828.85393258427
Tomás Ibarrolaza,CHASCOMUS,MAIZ_TARDIO,2022-12-03T00:00:00Z,2023-04-01T00:00:00Z,ZT_74L68_CL,Estandar,genetica,2,51400,2571,17,514,14.3,51,0.7,,,30,media,,,,,0,0,14,22,30,52,27,94,41,2397.67415730337,2829.25550561798
Segundo Paez,TANDIL,MAIZ,2022-11-04T00:00:00Z,,CACIQUE_320_CL_G_2L,Estandar,genetica,1,5800,2246,8.3,232,3.3,47.5,0.7,0,sana,30,media,2,media,sana,no,40,10,105,70,85,80,80,0,0,2314.13707865169,2568.69215730337
Julian Valdez,NECOCHEA,MAIZ,2023-10-24T00:00:00Z,2023-03-12T00:00:00Z,CACIQUE_320_CL_G_2L,Estandar,genetica,1,58500,2223,5.9,1170,4.1,44.2,0.6,26.67,media,40,media,3,media,sana,no,38,1,30,69,30,53,103,38,0,2350.38539325843,2453.8023505618
Julian Valdez,NECOCHEA,MAIZ,2023-10-24T00:00:00Z,2023-03-12T00:00:00Z,ZT_74L68_CL,Estandar,genetica,1,61050,2272,5.5,0,7,47.4,0.7,33.33,alta,83.33,alta,3,alta,sana,no,38,1,30,69,30,53,103,38,0,2412.40449438202,2672.94417977528
Hugo Gonzalez,MDP,CEBADA/SOJA_2DA,2023-10-07T00:00:00Z,2023-02-27T00:00:00Z,ADV_5407_CL,Mas 30%,densidad,1,71000,2300,7.1,0,4.7,51.2,0.5,0,,32,media,1,baja,sana,no,0,0,43,164,61,35,142,0,0,2400.78651685393,2842.53123595506
Hugo Gonzalez,MDP,CEBADA/SOJA_2DA,2023-10-07T00:00:00Z,2023-02-27T00:00:00Z,ADV_5407_CL,Estandar,densidad,2,59000,2700,6.9,0,6.9,47.7,0.5,0,,36,media,1,baja,sana,no,0,0,43,164,61,35,142,0,0,2824.38202247191,3146.36157303371
Segundo Paez,TANDIL,MAIZ,2022-11-04T00:00:00Z,,ZT_74L68_CL,Estandar,genetica,1,58400,2264,8.9,4672,2.4,50.9,0.5,5,media,36,media,1,alta,sana,no,40,10,105,70,85,80,80,0,0,2317.4202247191,2729.9210247191
Julian Valdez,NECOCHEA,MAIZ,2023-10-24T00:00:00Z,2023-03-12T00:00:00Z,ZT_74L68_CL,Estandar,genetica,2,60201,2286,5.7,0,7,47.4,0.7,43.33,alta,90,alta,3,alta,sana,no,38,1,30,69,30,53,103,38,0,2422.13258426966,2683.72290337079
Hugo Gonzalez,MDP,CEBADA/SOJA_2DA,2023-10-07T00:00:00Z,2023-02-27T00:00:00Z,NS1113_CL,Estandar,genetica,2,58000,3356,7,0,3.7,54.6,1.5,0,,44,media,1,baja,sana,no,0,0,43,164,61,35,142,0,0,3506.83146067416,4390.55298876405
Hugo Gonzalez,MDP,CEBADA/SOJA_2DA,2023-10-07T00:00:00Z,2023-02-27T00:00:00Z,NUSOL_4145_CL,Estandar,genetica,1,58000,2770,7.2,0,10.9,43.7,0.8,0,,68,baja,1,baja,sana,no,0,0,43,164,61,35,142,0,0,2888.26966292135,2986.47083146067
Hugo Gonzalez,MDP,CEBADA/SOJA_2DA,2023-10-07T00:00:00Z,2023-02-27T00:00:00Z,PARAISO_1800_CL_PLUS,Estandar,genetica,2,59000,3187,7,0,8.2,45.8,0.6,0,,72,media,3,sana,sana,no,0,0,43,164,61,35,142,0,0,3330.23595505618,3583.33388764045
Hugo Gonzalez,MDP,CEBADA/SOJA_2DA,2023-10-07T00:00:00Z,2023-02-27T00:00:00Z,ACA_216_CLDM,Estandar,genetica,1,59000,3129,7.2,0,8.5,49.1,0.7,0,,80,baja,3,baja,sana,no,0,0,43,164,61,35,142,0,0,3262.59775280899,3725.88663370787
Hugo Gonzalez,MDP,CEBADA/SOJA_2DA,2023-10-07T00:00:00Z,2023-02-27T00:00:00Z,RAGT_4260_MAX-CL_G-2E,Estandar,genetica,1,59000,2900,7.2,0,4.9,52.2,0.8,0,,80,baja,1,baja,sana,no,0,0,43,164,61,35,142,0,0,3023.8202247191,3640.6795505618
Julian Valdez,NECOCHEA,MAIZ,2023-10-24T00:00:00Z,2023-03-12T00:00:00Z,SYN_3970_CL,Estandar,genetica_densidad,1,61843,2466,5.9,0,4.3,52.2,0.6,13.33,media,3.33,baja,2,media,sana,no,38,1,30,69,30,53,103,38,0,2607.31011235955,3139.2013752809
Julian Valdez,NECOCHEA,MAIZ,2023-10-24T00:00:00Z,2023-03-12T00:00:00Z,SYN_3970_CL,Estandar,genetica_densidad,2,60584,2580,5.9,0,4.3,52.2,0.6,16.67,alta,6.67,baja,2,media,sana,no,38,1,30,69,30,53,103,38,0,2727.84269662921,3284.32260674157
Franco Vazquez,LA_PAMPA,MAIZ_Y_CENTENO_DE_COBERTURA,2022-10-20T00:00:00Z,,ACA_216_CLDM,Estandar,genetica,1,54000,1477,8,0,1.9,52.5,0.7,,,,,,,,,0,56,35,28,0,94,25,81,0,1526.78651685393,1847.41168539326
Franco Vazquez,LA_PAMPA,MAIZ_Y_CENTENO_DE_COBERTURA,2022-10-20T00:00:00Z,,ACA_216_CLDM,Estandar,genetica,2,54000,1489,8,0,1.9,52.5,0.7,,,,,,,,,0,56,35,28,0,94,25,81,0,1539.19101123596,1862.42112359551
Franco Vazquez,LA_PAMPA,MAIZ_Y_CENTENO_DE_COBERTURA,2022-10-20T00:00:00Z,,CACIQUE_320_CL_G_2L,Estandar,genetica,1,54000,1227,8,0,5.1,49.8,0.5,,,,,,,,,0,56,35,28,0,94,25,81,0,1268.3595505618,1466.22364044944
Franco Vazquez,LA_PAMPA,MAIZ_Y_CENTENO_DE_COBERTURA,2022-10-20T00:00:00Z,,CACIQUE_320_CL_G_2L,Estandar,genetica,2,54000,1239,8,0,5.1,49.8,0.5,,,,,,,,,0,56,35,28,0,94,25,81,0,1280.76404494382,1480.56323595506
Franco Vazquez,LA_PAMPA,MAIZ_Y_CENTENO_DE_COBERTURA,2022-10-20T00:00:00Z,,CACIQUE_322_CL_G_2,Estandar,genetica,1,54000,1350,8,0,3.1,53.9,0.7,,,,,,,,,0,56,35,28,0,94,25,81,0,1395.50561797753,1727.63595505618
Franco Vazquez,LA_PAMPA,MAIZ_Y_CENTENO_DE_COBERTURA,2022-10-20T00:00:00Z,,CACIQUE_322_CL_G_2,Estandar,genetica,2,54000,1337,8,0,3.1,53.9,0.7,,,,,,,,,0,56,35,28,0,94,25,81,0,1382.06741573034,1710.99946067416
Franco Vazquez,LA_PAMPA,MAIZ_Y_CENTENO_DE_COBERTURA,2022-10-20T00:00:00Z,,INSUN_211_CL,Estandar,genetica,1,54000,1294,8,0,3.2,54.1,0.6,,,,,,,,,0,56,35,28,0,94,25,81,0,1337.61797752809,1661.32152808989
Franco Vazquez,LA_PAMPA,MAIZ_Y_CENTENO_DE_COBERTURA,2022-10-20T00:00:00Z,,INSUN_211_CL,Estandar,genetica,2,54000,1282,8,0,3.2,54.1,0.6,,,,,,,,,0,56,35,28,0,94,25,81,0,1325.21348314607,1645.91514606742
Franco Vazquez,LA_PAMPA,MAIZ_Y_CENTENO_DE_COBERTURA,2022-10-20T00:00:00Z,,NK_3969_CL,Estandar,genetica,1,54000,1233,8,0,2.3,56.1,0.5,,,,,,,,,0,56,35,28,0,94,25,81,0,1274.56179775281,1633.9882247191
Franco Vazquez,LA_PAMPA,MAIZ_Y_CENTENO_DE_COBERTURA,2022-10-20T00:00:00Z,,NK_3969_CL,Estandar,genetica,2,54000,1245,8,0,2.3,56.1,0.5,,,,,,,,,0,56,35,28,0,94,25,81,0,1286.96629213483,1649.89078651685
Franco Vazquez,LA_PAMPA,MAIZ_Y_CENTENO_DE_COBERTURA,2022-10-20T00:00:00Z,,NS1113_CL,Estandar,genetica,1,54000,1343,8,0,4.7,55.5,0.6,,,,,,,,,0,56,35,28,0,94,25,81,0,1388.26966292135,1763.10247191011
Franco Vazquez,LA_PAMPA,MAIZ_Y_CENTENO_DE_COBERTURA,2022-10-20T00:00:00Z,,NS1113_CL,Estandar,genetica,2,54000,1330,8,0,4.7,55.5,0.6,,,,,,,,,0,56,35,28,0,94,25,81,0,1374.83146067416,1746.03595505618
Franco Vazquez,LA_PAMPA,MAIZ_Y_CENTENO_DE_COBERTURA,2022-10-20T00:00:00Z,,NUSOL_4145_CL,Estandar,genetica,1,54000,1250,8,0,3.5,49.7,0.8,,,,,,,,,0,56,35,28,0,94,25,81,0,1292.13483146067,1491.12359550562
Franco Vazquez,LA_PAMPA,MAIZ_Y_CENTENO_DE_COBERTURA,2022-10-20T00:00:00Z,,NUSOL_4145_CL,Estandar,genetica,2,54000,1240,8,0,3.5,49.7,0.8,,,,,,,,,0,56,35,28,0,94,25,81,0,1281.79775280899,1479.19460674157
Franco Vazquez,LA_PAMPA,MAIZ_Y_CENTENO_DE_COBERTURA,2022-10-20T00:00:00Z,,NUSOL_4180_CL_PLUS,Estandar,genetica,1,54000,1355,8,0,2.8,52.6,0.7,,,,,,,,,0,56,35,28,0,94,25,81,0,1400.67415730337,1697.61707865169
Franco Vazquez,LA_PAMPA,MAIZ_Y_CENTENO_DE_COBERTURA,2022-10-20T00:00:00Z,,NUSOL_4180_CL_PLUS,Estandar,genetica,2,54000,1349,8,0,2.8,52.6,0.7,,,,,,,,,0,56,35,28,0,94,25,81,0,1394.47191011236,1690.09995505618
Franco Vazquez,LA_PAMPA,MAIZ_Y_CENTENO_DE_COBERTURA,2022-10-20T00:00:00Z,,PARAISO_1800_CL_PLUS,Estandar,genetica,1,54000,1465,8,0,1.9,52.4,0.8,,,,,,,,,0,56,35,28,0,94,25,81,0,1514.38202247191,1829.37348314607
Franco Vazquez,LA_PAMPA,MAIZ_Y_CENTENO_DE_COBERTURA,2022-10-20T00:00:00Z,,PARAISO_1800_CL_PLUS,Estandar,genetica,2,54000,1476,8,0,1.9,52.4,0.8,,,,,,,,,0,56,35,28,0,94,25,81,0,1525.75280898876,1843.10939325843
Franco Vazquez,LA_PAMPA,MAIZ_Y_CENTENO_DE_COBERTURA,2022-10-20T00:00:00Z,,RAGT_4260_MAX-CL_G-2E,Estandar,genetica,1,54000,1221,8,0,1.6,51.4,0.8,,,,,,,,,0,56,35,28,0,94,25,81,0,1262.15730337079,1499.44287640449
Franco Vazquez,LA_PAMPA,MAIZ_Y_CENTENO_DE_COBERTURA,2022-10-20T00:00:00Z,,RAGT_4260_MAX-CL_G-2E,Estandar,genetica,2,54000,1234,8,0,1.6,51.4,0.8,,,,,,,,,0,56,35,28,0,94,25,81,0,1275.59550561798,1515.40746067416
Franco Vazquez,LA_PAMPA,MAIZ_Y_CENTENO_DE_COBERTURA,2022-10-20T00:00:00Z,,SYN_3970_CL,Estandar,genetica,1,54000,1404,8,0,3.2,54.5,0.7,,,,,,,,,0,56,35,28,0,94,25,81,0,1451.32584269663,1814.15730337079
Franco Vazquez,LA_PAMPA,MAIZ_Y_CENTENO_DE_COBERTURA,2022-10-20T00:00:00Z,,SYN_3970_CL,Estandar,genetica,2,54000,1391,8,0,3.2,54.5,0.7,,,,,,,,,0,56,35,28,0,94,25,81,0,1437.88764044944,1797.3595505618
Franco Vazquez,LA_PAMPA,MAIZ_Y_CENTENO_DE_COBERTURA,2022-10-20T00:00:00Z,,SYN_3975_CLHO,Estandar,genetica,1,54000,1367,8,0,3.8,55.6,0.5,,,,,,,,,0,56,35,28,0,94,25,81,0,1413.07865168539,1797.43604494382
Franco Vazquez,LA_PAMPA,MAIZ_Y_CENTENO_DE_COBERTURA,2022-10-20T00:00:00Z,,SYN_3975_CLHO,Estandar,genetica,2,54000,1374,8,0,3.8,55.6,0.5,,,,,,,,,0,56,35,28,0,94,25,81,0,1420.31460674157,1806.64017977528
Franco Vazquez,LA_PAMPA,MAIZ_Y_CENTENO_DE_COBERTURA,2022-10-20T00:00:00Z,,ZT_74L68_CL,Estandar,genetica,1,54000,1337,8,0,4,51.7,0.7,,,,,,,,,0,56,35,28,0,94,25,81,0,1382.06741573034,1650.18849438202
Franco Vazquez,LA_PAMPA,MAIZ_Y_CENTENO_DE_COBERTURA,2022-10-20T00:00:00Z,,ZT_74L68_CL,Estandar,genetica,2,54000,1325,8,0,4,51.7,0.7,,,,,,,,,0,56,35,28,0,94,25,81,0,1369.66292134831,1635.37752808989
Franco Vazquez,LA_PAMPA,MAIZ_Y_CENTENO_DE_COBERTURA,2022-10-20T00:00:00Z,,NK_3969_CL,Estandar,genetica_densidad,1,54000,1282,8,0,4.2,55.8,0.6,,,,,,,,,0,56,35,28,0,94,25,81,0,1325.21348314607,1690.97240449438
Franco Vazquez,LA_PAMPA,MAIZ_Y_CENTENO_DE_COBERTURA,2022-10-20T00:00:00Z,,NK_3969_CL,Estandar,genetica_densidad,2,54000,1270,8,0,4.2,55.8,0.6,,,,,,,,,0,56,35,28,0,94,25,81,0,1312.80898876405,1675.14426966292
Ernesto Jauregui,RIVERA,TRIGO-MAIZ_DE_SEGUNDA,2022-11-01T00:00:00Z,,NIDERA_106_CLHO,Mas 30%,densidad,1,45000,3686,8.7,0,,53.9,,,,,,,,,,0,50,48,109,15,158,25,85,0,3781.25617977528,4681.1951505618
Ernesto Jauregui,RIVERA,TRIGO-MAIZ_DE_SEGUNDA,2022-11-01T00:00:00Z,,NIDERA_106_CLHO,Mas 30%,densidad,2,48330,3646,8.7,0,,53.9,,,,,,,,,,0,50,48,109,15,158,25,85,0,3740.22247191011,4630.39542022472
Ernesto Jauregui,RIVERA,TRIGO-MAIZ_DE_SEGUNDA,2022-11-01T00:00:00Z,,NIDERA_106_CLHO,Menos 30%,densidad,1,26000,3245,8.7,520,,54.3,,,,,,,,,,0,50,48,109,15,158,25,85,0,3328.8595505618,4147.759
Ernesto Jauregui,RIVERA,TRIGO-MAIZ_DE_SEGUNDA,2022-11-01T00:00:00Z,,NIDERA_106_CLHO,Menos 30%,densidad,2,25300,2684,8.7,759,,54.3,,,,,,,,,,0,50,48,109,15,158,25,85,0,2753.36179775281,3430.6888
Ernesto Jauregui,RIVERA,TRIGO-MAIZ_DE_SEGUNDA,2022-11-01T00:00:00Z,,ACA_216_CLDM,Estandar,genetica,1,40300,3085,7.6,2015,,53.2,,,,,,,,,,0,50,48,109,15,158,25,85,0,3202.85393258427,3920.29321348315
Ernesto Jauregui,RIVERA,TRIGO-MAIZ_DE_SEGUNDA,2022-11-01T00:00:00Z,,CACIQUE_320_CL_G_2L,Estandar,genetica,1,36600,3165,8.2,1098,,51.4,,,,,,,,,,0,50,48,109,15,158,25,85,0,3264.57303370787,3878.31276404494
Ernesto Jauregui,RIVERA,TRIGO-MAIZ_DE_SEGUNDA,2022-11-01T00:00:00Z,,CACIQUE_322_CL_G_2,Estandar,genetica,1,37000,2965,7.9,740,,52.7,,,,,,,,,,0,50,48,109,15,158,25,85,0,3068.27528089888,3724.88619101124
Ernesto Jauregui,RIVERA,TRIGO-MAIZ_DE_SEGUNDA,2022-11-01T00:00:00Z,,INSUN_211_CL,Estandar,genetica,1,35000,3566,8.8,3500,,51.4,,,,,,,,,,0,50,48,109,15,158,25,85,0,3654.14831460674,4341.12819775281
Ernesto Jauregui,RIVERA,TRIGO-MAIZ_DE_SEGUNDA,2022-11-01T00:00:00Z,,NK_3969_CL,Estandar,genetica,1,34000,3766,8.8,2040,,56.1,,,,,,,,,,0,50,48,109,15,158,25,85,0,3859.09213483146,4947.35611685393
Ernesto Jauregui,RIVERA,TRIGO-MAIZ_DE_SEGUNDA,2022-11-01T00:00:00Z,,NS1113_CL,Estandar,genetica,1,36300,4126,8.5,0,,55.9,,,,,,,,,,0,50,48,109,15,158,25,85,0,4241.89887640449,5421.14676404494
Ernesto Jauregui,RIVERA,TRIGO-MAIZ_DE_SEGUNDA,2022-11-01T00:00:00Z,,NUSOL_4145_CL,Estandar,genetica,1,36000,2885,7.2,360,,51.4,,,,,,,,,,0,50,48,109,15,158,25,85,0,3008.1797752809,3573.71757303371
Ernesto Jauregui,RIVERA,TRIGO-MAIZ_DE_SEGUNDA,2022-11-01T00:00:00Z,,NUSOL_4180_CL_PLUS,Estandar,genetica,1,37600,2764,7.8,3008,,52.1,,,,,,,,,,0,50,48,109,15,158,25,85,0,2863.3797752809,3441.78248988764
Ernesto Jauregui,RIVERA,TRIGO-MAIZ_DE_SEGUNDA,2022-11-01T00:00:00Z,,PARAISO_1800_CL_PLUS,Estandar,genetica,1,37300,2684,8.1,1865,,51.7,,,,,,,,,,0,50,48,109,15,158,25,85,0,2771.45617977528,3309.11867865169
Ernesto Jauregui,RIVERA,TRIGO-MAIZ_DE_SEGUNDA,2022-11-01T00:00:00Z,,RAGT_4260_MAX-CL_G-2E,Estandar,genetica,1,35000,2604,7.6,1050,,52.3,,,,,,,,,,0,50,48,109,15,158,25,85,0,2703.47865168539,3260.39525393258
Ernesto Jauregui,RIVERA,TRIGO-MAIZ_DE_SEGUNDA,2022-11-01T00:00:00Z,,SYN_3970_CL,Estandar,genetica,1,37600,3405,8.7,0,,54.3,,,,,,,,,,0,50,48,109,15,158,25,85,0,3492.99438202247,4352.271
Ernesto Jauregui,RIVERA,TRIGO-MAIZ_DE_SEGUNDA,2022-11-01T00:00:00Z,,SYN_3975_CLHO,Estandar,genetica,1,33330,3606,9.4,666.6,,55.4,,,,,,,,,,0,50,48,109,15,158,25,85,0,3670.82696629213,4654.60859325843
Ernesto Jauregui,RIVERA,TRIGO-MAIZ_DE_SEGUNDA,2022-11-01T00:00:00Z,,ZT_74L68_CL,Estandar,genetica,1,39600,2764,7.8,0,,50.7,,,,,,,,,,0,50,48,109,15,158,25,85,0,2863.3797752809,3361.60785617978
Ernesto Jauregui,RIVERA,TRIGO-MAIZ_DE_SEGUNDA,2022-11-01T00:00:00Z,,NIDERA_106_CLHO,Estandar,genetica_densidad,1,37300,3365,8.7,746,,54.2,,,,,,,,,,0,50,48,109,15,158,25,85,0,3451.9606741573,4294.23907865169
Ernesto Jauregui,RIVERA,TRIGO-MAIZ_DE_SEGUNDA,2022-11-01T00:00:00Z,,NIDERA_106_CLHO,Estandar,genetica_densidad,2,35000,3085,8.7,1050,,54.2,,,,,,,,,,0,50,48,109,15,158,25,85,0,3164.72471910112,3936.9175505618
Segundo Paez,TANDIL,MAIZ,2022-11-04T00:00:00Z,,SYN_4070,Mas 30%,densidad,1,75500,1840,8.5,0,4.3,53,0.7,,,,,,,,,40,10,105,70,85,80,80,0,0,1891.68539325843,2307.85617977528
Segundo Paez,TANDIL,MAIZ,2022-11-04T00:00:00Z,,SYN_4070,Menos 30%,densidad,1,41000,2140,8.5,0,4.3,53,0.7,,,,,,,,,40,10,105,70,85,80,80,0,0,2200.11235955056,2684.13707865169
Segundo Paez,TANDIL,MAIZ,2022-11-04T00:00:00Z,,SYN_4070,Estandar,genetica_densidad,1,57000,2600,8.4,2280,4.3,53,0.7,,,,,,,,,40,10,105,70,85,80,80,0,0,2675.95505617978,3264.66516853933
Adrian Etcheto,TRES_ARROYOS_CONTINENTAL,MAIZ,2023-11-07T00:00:00Z,2023-03-27T00:00:00Z,LIMAGRAIN_5710,Mas 30%,densidad,1,45500,1200,7.4,0,3.9,47.1,0.7,,,,,,,,,0,11,81,87,9,67,49,252,0,1248.5393258427,1375.89033707865
Adrian Etcheto,TRES_ARROYOS_CONTINENTAL,MAIZ,2023-11-07T00:00:00Z,2023-03-27T00:00:00Z,LIMAGRAIN_5710,Menos 30%,densidad,1,24500,1100,7.4,0,3.9,47.1,0.7,,,,,,,,,0,11,81,87,9,67,49,252,0,1144.49438202247,1261.23280898876
Adrian Etcheto,TRES_ARROYOS_CONTINENTAL,MAIZ,2023-11-07T00:00:00Z,2023-03-27T00:00:00Z,ACA_216_CLDM,Estandar,genetica,1,35000,1300,17.2,0,8,44.9,0.7,,,,,,,,,0,11,81,87,9,67,49,252,0,1209.43820224719,1279.58561797753
Adrian Etcheto,TRES_ARROYOS_CONTINENTAL,MAIZ,2023-11-07T00:00:00Z,2023-03-27T00:00:00Z,ACA_216_CLDM,Estandar,genetica,2,35000,1400,7.7,0,8,44.9,0.7,,,,,,,,,0,11,81,87,9,67,49,252,0,1451.91011235955,1536.1208988764
Adrian Etcheto,TRES_ARROYOS_CONTINENTAL,MAIZ,2023-11-07T00:00:00Z,2023-03-27T00:00:00Z,INSUN_211_CL,Estandar,genetica,1,35000,1200,7.3,0,4.3,46.7,0.7,,,,,,,,,0,11,81,87,9,67,49,252,0,1249.88764044944,1367.37707865169
Adrian Etcheto,TRES_ARROYOS_CONTINENTAL,MAIZ,2023-11-07T00:00:00Z,2023-03-27T00:00:00Z,INSUN_211_CL,Estandar,genetica,2,35000,1200,6.6,0,4.3,46.7,0.7,,,,,,,,,0,11,81,87,9,67,49,252,0,1259.32584269663,1377.70247191011
Adrian Etcheto,TRES_ARROYOS_CONTINENTAL,MAIZ,2023-11-07T00:00:00Z,2023-03-27T00:00:00Z,CACIQUE_320_CL_G_2L,Estandar,genetica,1,35000,1100,6.7,0,2.9,43.4,0.6,,,,,,,,,0,11,81,87,9,67,49,252,0,1153.14606741573,1185.43415730337
Adrian Etcheto,TRES_ARROYOS_CONTINENTAL,MAIZ,2023-11-07T00:00:00Z,2023-03-27T00:00:00Z,CACIQUE_320_CL_G_2L,Estandar,genetica,2,35000,1000,6.5,0,2.9,43.4,0.6,,,,,,,,,0,11,81,87,9,67,49,252,0,1050.56179775281,1079.97752808989
Adrian Etcheto,TRES_ARROYOS_CONTINENTAL,MAIZ,2023-11-07T00:00:00Z,2023-03-27T00:00:00Z,CACIQUE_322_CL_G_2,Estandar,genetica,1,35000,980,6.8,0,2.3,45.6,0.5,,,,,,,,,0,11,81,87,9,67,49,252,0,1026.24719101124,1100.13698876405
Adrian Etcheto,TRES_ARROYOS_CONTINENTAL,MAIZ,2023-11-07T00:00:00Z,2023-03-27T00:00:00Z,CACIQUE_322_CL_G_2,Estandar,genetica,2,35000,1100,6.8,0,2.3,45.6,0.5,,,,,,,,,0,11,81,87,9,67,49,252,0,1151.91011235955,1234.84764044944
Adrian Etcheto,TRES_ARROYOS_CONTINENTAL,MAIZ,2023-11-07T00:00:00Z,2023-03-27T00:00:00Z,NK_3969_CL,Estandar,genetica,1,35000,1350,6.8,0,3.4,49.2,0.7,,,,,,,,,0,11,81,87,9,67,49,252,0,1413.70786516854,1617.28179775281
Adrian Etcheto,TRES_ARROYOS_CONTINENTAL,MAIZ,2023-11-07T00:00:00Z,2023-03-27T00:00:00Z,NK_3969_CL,Estandar,genetica,2,35000,1150,6.7,0,3.4,49.2,0.7,,,,,,,,,0,11,81,87,9,67,49,252,0,1205.56179775281,1379.16269662921
Adrian Etcheto,TRES_ARROYOS_CONTINENTAL,MAIZ,2023-11-07T00:00:00Z,2023-03-27T00:00:00Z,NS1113_CL,Estandar,genetica,1,35000,1200,6.6,0,2.7,48.9,0.6,,,,,,,,,0,11,81,87,9,67,49,252,0,1259.32584269663,1433.11280898876
Adrian Etcheto,TRES_ARROYOS_CONTINENTAL,MAIZ,2023-11-07T00:00:00Z,2023-03-27T00:00:00Z,NS1113_CL,Estandar,genetica,2,35000,1100,17.2,0,2.7,48.9,0.6,,,,,,,,,0,11,81,87,9,67,49,252,0,1023.37078651685,1164.59595505618
Adrian Etcheto,TRES_ARROYOS_CONTINENTAL,MAIZ,2023-11-07T00:00:00Z,2023-03-27T00:00:00Z,NUSOL_4145_CL,Estandar,genetica,1,35000,1100,7.7,0,4.3,44.2,0.6,,,,,,,,,0,11,81,87,9,67,49,252,0,1140.78651685393,1190.98112359551
Adrian Etcheto,TRES_ARROYOS_CONTINENTAL,MAIZ,2023-11-07T00:00:00Z,2023-03-27T00:00:00Z,NUSOL_4145_CL,Estandar,genetica,2,35000,1250,7.3,0,4.3,44.2,0.6,,,,,,,,,0,11,81,87,9,67,49,252,0,1301.96629213483,1359.25280898876
Adrian Etcheto,TRES_ARROYOS_CONTINENTAL,MAIZ,2023-11-07T00:00:00Z,2023-03-27T00:00:00Z,NUSOL_4180_CL_PLUS,Estandar,genetica,1,35000,1250,8.8,0,3.3,46.4,0.8,,,,,,,,,0,11,81,87,9,67,49,252,0,1280.89887640449,1393.61797752809
Adrian Etcheto,TRES_ARROYOS_CONTINENTAL,MAIZ,2023-11-07T00:00:00Z,2023-03-27T00:00:00Z,NUSOL_4180_CL_PLUS,Estandar,genetica,2,35000,1250,7,0,3.3,46.4,0.8,,,,,,,,,0,11,81,87,9,67,49,252,0,1306.1797752809,1421.12359550562
Adrian Etcheto,TRES_ARROYOS_CONTINENTAL,MAIZ,2023-11-07T00:00:00Z,2023-03-27T00:00:00Z,NUSOL_4180_CL_PLUS,Estandar,genetica,1,35000,1200,7.4,0,2.6,46,0.6,,,,,,,,,0,11,81,87,9,67,49,252,0,1248.5393258427,1348.42247191011
Adrian Etcheto,TRES_ARROYOS_CONTINENTAL,MAIZ,2023-11-07T00:00:00Z,2023-03-27T00:00:00Z,NUSOL_4180_CL_PLUS,Estandar,genetica,2,35000,1150,6.8,0,2.6,46,0.6,,,,,,,,,0,11,81,87,9,67,49,252,0,1204.26966292135,1300.61123595506
Adrian Etcheto,TRES_ARROYOS_CONTINENTAL,MAIZ,2023-11-07T00:00:00Z,2023-03-27T00:00:00Z,RAGT_4260_MAX-CL_G-2E,Estandar,genetica,1,35000,990,7.1,0,2.4,44.2,0.6,,,,,,,,,0,11,81,87,9,67,49,252,0,1033.38202247191,1078.85083146067
Adrian Etcheto,TRES_ARROYOS_CONTINENTAL,MAIZ,2023-11-07T00:00:00Z,2023-03-27T00:00:00Z,RAGT_4260_MAX-CL_G-2E,Estandar,genetica,2,35000,1050,6.7,0,2.4,44.2,0.6,,,,,,,,,0,11,81,87,9,67,49,252,0,1100.73033707865,1149.16247191011
Adrian Etcheto,TRES_ARROYOS_CONTINENTAL,MAIZ,2023-11-07T00:00:00Z,2023-03-27T00:00:00Z,SYN_3970_CL,Estandar,genetica,1,35000,1350,6.5,0,2.7,50.2,0.5,,,,,,,,,0,11,81,87,9,67,49,252,0,1418.25842696629,1650.85280898876
Adrian Etcheto,TRES_ARROYOS_CONTINENTAL,MAIZ,2023-11-07T00:00:00Z,2023-03-27T00:00:00Z,SYN_3970_CL,Estandar,genetica,2,35000,1200,7.4,0,2.7,50.2,0.5,,,,,,,,,0,11,81,87,9,67,49,252,0,1248.5393258427,1453.2997752809
Adrian Etcheto,TRES_ARROYOS_CONTINENTAL,MAIZ,2023-11-07T00:00:00Z,2023-03-27T00:00:00Z,SYN_3975_CLHO,Estandar,genetica,1,35000,1200,6.7,0,4.2,48.9,0.8,,,,,,,,,0,11,81,87,9,67,49,252,0,1257.97752808989,1431.57842696629
Adrian Etcheto,TRES_ARROYOS_CONTINENTAL,MAIZ,2023-11-07T00:00:00Z,2023-03-27T00:00:00Z,SYN_3975_CLHO,Estandar,genetica,2,35000,1200,7.4,0,4.2,48.9,0.8,,,,,,,,,0,11,81,87,9,67,49,252,0,1248.5393258427,1420.83775280899
Adrian Etcheto,TRES_ARROYOS_CONTINENTAL,MAIZ,2023-11-07T00:00:00Z,2023-03-27T00:00:00Z,ZT_74L68_CL,Estandar,genetica,1,34000,889,7,0,2.8,45.2,0.5,,,,,,,,,0,11,81,87,9,67,49,252,0,928.955056179775,988.408179775281
Adrian Etcheto,TRES_ARROYOS_CONTINENTAL,MAIZ,2023-11-07T00:00:00Z,2023-03-27T00:00:00Z,ZT_74L68_CL,Estandar,genetica,2,35000,1000,7.1,0,2.8,45.2,0.5,,,,,,,,,0,11,81,87,9,67,49,252,0,1043.8202247191,1110.62471910112
Adrian Etcheto,TRES_ARROYOS_CONTINENTAL,MAIZ,2023-11-07T00:00:00Z,2023-03-27T00:00:00Z,LIMAGRAIN_5710,Estandar,genetica_densidad,1,35000,1300,7.4,0,3.9,47.1,0.7,,,,,,,,,0,11,81,87,9,67,49,252,0,1352.58426966292,1490.54786516854
Adrian Etcheto,TRES_ARROYOS_CONTINENTAL,MAIZ,2023-11-07T00:00:00Z,2023-03-27T00:00:00Z,LIMAGRAIN_5710,Estandar,genetica_densidad,2,35000,1250,8.8,0,3.9,47.1,0.7,,,,,,,,,0,11,81,87,9,67,49,252,0,1280.89887640449,1411.55056179775
